-- MySQL dump 10.13  Distrib 5.5.28, for Linux (i686)
--
-- Host: 127.0.0.1    Database: igo
-- ------------------------------------------------------
-- Server version	5.5.28-log

/*!40101 SET @OLD_CHARACTER_SET_CLIENT=@@CHARACTER_SET_CLIENT */;
/*!40101 SET @OLD_CHARACTER_SET_RESULTS=@@CHARACTER_SET_RESULTS */;
/*!40101 SET @OLD_COLLATION_CONNECTION=@@COLLATION_CONNECTION */;
/*!40101 SET NAMES utf8 */;
/*!40103 SET @OLD_TIME_ZONE=@@TIME_ZONE */;
/*!40103 SET TIME_ZONE='+00:00' */;
/*!40014 SET @OLD_UNIQUE_CHECKS=@@UNIQUE_CHECKS, UNIQUE_CHECKS=0 */;
/*!40014 SET @OLD_FOREIGN_KEY_CHECKS=@@FOREIGN_KEY_CHECKS, FOREIGN_KEY_CHECKS=0 */;
/*!40101 SET @OLD_SQL_MODE=@@SQL_MODE, SQL_MODE='NO_AUTO_VALUE_ON_ZERO' */;
/*!40111 SET @OLD_SQL_NOTES=@@SQL_NOTES, SQL_NOTES=0 */;

--
-- Current Database: `igo`
--

CREATE DATABASE /*!32312 IF NOT EXISTS*/ `igo` /*!40100 DEFAULT CHARACTER SET utf8 */;

USE `igo`;

--
-- Table structure for table `activity`
--

DROP TABLE IF EXISTS `activity`;
/*!40101 SET @saved_cs_client     = @@character_set_client */;
/*!40101 SET character_set_client = utf8 */;
CREATE TABLE `activity` (
  `id` bigint(22) NOT NULL AUTO_INCREMENT,
  `name` varchar(64) COLLATE utf8_bin NOT NULL,
  `logo_url` varchar(1204) COLLATE utf8_bin NOT NULL,
  `url` varchar(1024) COLLATE utf8_bin NOT NULL,
  `rank` bigint(20) DEFAULT NULL,
  `start_time` datetime NOT NULL,
  `end_time` datetime NOT NULL,
  `is_deleted` tinyint(4) NOT NULL,
  `gmt_create` datetime NOT NULL,
  `gmt_modified` datetime NOT NULL,
  PRIMARY KEY (`id`)
) ENGINE=InnoDB DEFAULT CHARSET=utf8 COLLATE=utf8_bin;
/*!40101 SET character_set_client = @saved_cs_client */;

--
-- Dumping data for table `activity`
--

LOCK TABLES `activity` WRITE;
/*!40000 ALTER TABLE `activity` DISABLE KEYS */;
/*!40000 ALTER TABLE `activity` ENABLE KEYS */;
UNLOCK TABLES;

--
-- Table structure for table `brand`
--

DROP TABLE IF EXISTS `brand`;
/*!40101 SET @saved_cs_client     = @@character_set_client */;
/*!40101 SET character_set_client = utf8 */;
CREATE TABLE `brand` (
  `id` bigint(22) NOT NULL AUTO_INCREMENT,
  `name` varchar(128) COLLATE utf8_bin NOT NULL,
  `logo_url` varchar(1024) COLLATE utf8_bin DEFAULT NULL,
  `company_name` varchar(128) COLLATE utf8_bin DEFAULT NULL,
  `company_url` varchar(1024) COLLATE utf8_bin DEFAULT NULL,
  `status` int(11) NOT NULL,
  `is_deleted` tinyint(4) NOT NULL,
  `gmt_create` datetime NOT NULL,
  `gmt_modified` datetime NOT NULL,
  PRIMARY KEY (`id`),
  UNIQUE KEY `name` (`name`)
) ENGINE=InnoDB AUTO_INCREMENT=1073 DEFAULT CHARSET=utf8 COLLATE=utf8_bin;
/*!40101 SET character_set_client = @saved_cs_client */;

--
-- Dumping data for table `brand`
--

LOCK TABLES `brand` WRITE;
/*!40000 ALTER TABLE `brand` DISABLE KEYS */;
/*!40000 ALTER TABLE `brand` ENABLE KEYS */;
UNLOCK TABLES;

--
-- Table structure for table `brand_category`
--

DROP TABLE IF EXISTS `brand_category`;
/*!40101 SET @saved_cs_client     = @@character_set_client */;
/*!40101 SET character_set_client = utf8 */;
CREATE TABLE `brand_category` (
  `id` bigint(22) NOT NULL AUTO_INCREMENT,
  `brand` bigint(22) NOT NULL,
  `category` bigint(22) NOT NULL,
  `rank` bigint(22) NOT NULL,
  `status` int(11) NOT NULL,
  `is_deleted` tinyint(4) NOT NULL,
  `gmt_create` datetime NOT NULL,
  `gmt_modified` datetime NOT NULL,
  PRIMARY KEY (`id`),
  UNIQUE KEY `brand` (`brand`,`category`),
  KEY `brand_category_category` (`category`),
  CONSTRAINT `brand_category_brand` FOREIGN KEY (`brand`) REFERENCES `brand` (`id`),
  CONSTRAINT `brand_category_category` FOREIGN KEY (`category`) REFERENCES `category` (`id`)
) ENGINE=InnoDB AUTO_INCREMENT=176 DEFAULT CHARSET=utf8 COLLATE=utf8_bin;
/*!40101 SET character_set_client = @saved_cs_client */;

--
-- Dumping data for table `brand_category`
--

LOCK TABLES `brand_category` WRITE;
/*!40000 ALTER TABLE `brand_category` DISABLE KEYS */;
/*!40000 ALTER TABLE `brand_category` ENABLE KEYS */;
UNLOCK TABLES;

--
-- Table structure for table `brand_product`
--

DROP TABLE IF EXISTS `brand_product`;
/*!40101 SET @saved_cs_client     = @@character_set_client */;
/*!40101 SET character_set_client = utf8 */;
CREATE TABLE `brand_product` (
  `id` bigint(22) NOT NULL AUTO_INCREMENT,
  `brand` bigint(22) NOT NULL,
  `product` bigint(22) NOT NULL,
  `rank` bigint(22) NOT NULL,
  `status` int(11) NOT NULL,
  `is_deleted` tinyint(4) NOT NULL,
  `gmt_create` datetime NOT NULL,
  `gmt_modified` datetime NOT NULL,
  PRIMARY KEY (`id`),
  UNIQUE KEY `brand` (`brand`,`product`),
  KEY `brand_product_product` (`product`),
  CONSTRAINT `brand_product_brand` FOREIGN KEY (`brand`) REFERENCES `brand` (`id`),
  CONSTRAINT `brand_product_product` FOREIGN KEY (`product`) REFERENCES `product` (`id`)
) ENGINE=InnoDB DEFAULT CHARSET=utf8 COLLATE=utf8_bin;
/*!40101 SET character_set_client = @saved_cs_client */;

--
-- Dumping data for table `brand_product`
--

LOCK TABLES `brand_product` WRITE;
/*!40000 ALTER TABLE `brand_product` DISABLE KEYS */;
/*!40000 ALTER TABLE `brand_product` ENABLE KEYS */;
UNLOCK TABLES;

--
-- Table structure for table `category`
--

DROP TABLE IF EXISTS `category`;
/*!40101 SET @saved_cs_client     = @@character_set_client */;
/*!40101 SET character_set_client = utf8 */;
CREATE TABLE `category` (
  `id` bigint(22) NOT NULL AUTO_INCREMENT,
  `name` varchar(128) COLLATE utf8_bin NOT NULL,
  `description` varchar(1024) COLLATE utf8_bin NOT NULL,
  `keywords` varchar(2048) COLLATE utf8_bin DEFAULT NULL,
  `status` int(11) NOT NULL,
  `rank` int(11) NOT NULL,
  `parent` bigint(22) DEFAULT NULL,
  `is_deleted` tinyint(4) NOT NULL,
  `gmt_create` datetime NOT NULL,
  `gmt_modified` datetime NOT NULL,
  PRIMARY KEY (`id`),
  KEY `category_parent` (`parent`),
  CONSTRAINT `category_parent` FOREIGN KEY (`parent`) REFERENCES `category` (`id`)
) ENGINE=InnoDB AUTO_INCREMENT=256 DEFAULT CHARSET=utf8 COLLATE=utf8_bin;
/*!40101 SET character_set_client = @saved_cs_client */;

--
-- Dumping data for table `category`
--

LOCK TABLES `category` WRITE;
/*!40000 ALTER TABLE `category` DISABLE KEYS */;
INSERT INTO `category` VALUES (1,'root','root',NULL,0,0,NULL,0,'2013-04-15 14:12:46','2013-04-15 14:12:46'),(2,'医疗器械','医疗器械',NULL,0,0,1,0,'2013-04-15 14:13:05','2013-04-15 14:13:05'),(3,'健康生活','家庭必备',NULL,0,0,2,0,'2013-04-15 14:13:39','2013-04-15 14:23:11'),(4,'家庭必备','康复用品',NULL,0,1,2,0,'2013-04-15 14:14:32','2013-04-15 14:23:04'),(5,'康复用品','健康生活',NULL,0,1,2,0,'2013-04-15 14:14:42','2013-04-15 16:51:11'),(6,'创伤处理','床上处理',NULL,0,0,4,0,'2013-04-15 14:15:11','2013-04-16 16:58:22'),(7,'口腔卫生','口腔卫生',NULL,0,1,4,0,'2013-04-15 14:15:59','2013-04-15 14:15:59'),(8,'消毒卫生','消毒卫生',NULL,0,2,4,0,'2013-04-15 14:17:07','2013-04-15 14:17:07'),(9,'药箱药盒','药箱药盒',NULL,0,2,4,0,'2013-04-15 14:17:13','2013-04-15 14:17:13'),(10,'晕车晕船','晕车晕船',NULL,0,2,4,0,'2013-04-15 14:17:18','2013-04-16 16:58:43'),(11,'体温相关','体温相关',NULL,0,2,4,0,'2013-04-15 14:17:33','2013-04-15 14:17:33'),(12,'家用医具','New node',NULL,0,6,4,0,'2013-04-15 14:17:40','2013-04-15 14:18:31'),(13,'监测器具','监测器具',NULL,0,6,4,0,'2013-04-15 14:17:49','2013-04-16 16:57:31'),(14,'其他用品','其他用品',NULL,0,8,4,0,'2013-04-15 14:18:40','2013-04-15 14:18:40'),(15,'助听设备','助听设备',NULL,0,0,5,0,'2013-04-15 14:19:23','2013-04-15 16:50:42'),(16,'皮肤健康','皮肤健康',NULL,0,0,5,0,'2013-04-15 14:19:32','2013-04-15 14:19:32'),(17,'眼科护理','眼科护理',NULL,0,0,5,0,'2013-04-15 14:19:36','2013-04-15 14:19:36'),(18,'鼻腔护理','鼻腔护理',NULL,0,3,5,0,'2013-04-15 14:19:46','2013-04-15 16:50:20'),(19,'护理器具','护理器具',NULL,0,3,5,0,'2013-04-15 14:19:57','2013-04-15 16:51:23'),(20,'养心降压','养心降压',NULL,0,3,5,0,'2013-04-15 14:20:05','2013-04-15 14:20:05'),(21,'血糖调节','血糖调节',NULL,0,6,5,0,'2013-04-15 14:20:39','2013-04-15 14:20:39'),(22,'颈部健康','颈部健康',NULL,0,6,5,0,'2013-04-15 14:20:56','2013-04-15 14:20:56'),(23,'上肢护理','上肢护理',NULL,0,6,5,0,'2013-04-15 14:21:02','2013-04-15 14:21:02'),(24,'腰髋保养','腰髋保养',NULL,0,6,5,0,'2013-04-15 14:21:09','2013-04-15 14:21:09'),(25,'腿脚护理','腿脚护理',NULL,0,6,5,0,'2013-04-15 14:21:14','2013-04-15 14:21:14'),(26,'肛肠保健','肛肠保健',NULL,0,6,5,0,'2013-04-15 14:21:20','2013-04-15 14:21:20'),(27,'贴膏喷剂','贴膏喷剂',NULL,0,6,5,0,'2013-04-15 14:21:31','2013-04-15 14:21:31'),(28,'健康睡眠','健康睡眠',NULL,0,0,3,0,'2013-04-15 14:24:40','2013-04-15 14:24:40'),(29,'按摩器具','按摩器具',NULL,0,1,3,0,'2013-04-15 14:42:21','2013-04-15 14:42:21'),(30,'制氧雾化','制氧雾化',NULL,0,1,3,0,'2013-04-15 14:42:30','2013-04-15 14:42:30'),(31,'中医用具','中医用具',NULL,0,1,3,0,'2013-04-15 14:42:36','2013-04-15 14:42:36'),(32,'光电磁疗','光电磁疗',NULL,0,1,3,0,'2013-04-15 14:42:44','2013-04-15 14:42:44'),(33,'婴幼儿童','婴幼儿童',NULL,0,1,3,0,'2013-04-15 14:42:53','2013-04-15 14:42:53'),(34,'老年生活','老年生活',NULL,0,1,3,0,'2013-04-15 14:43:02','2013-04-15 14:43:02'),(35,'助行用具','助行用具',NULL,0,1,3,0,'2013-04-15 14:43:13','2013-04-15 14:43:13'),(36,'益智健身','益智健身',NULL,0,1,3,0,'2013-04-15 14:43:20','2013-04-15 14:43:20'),(37,'男性健康','男性健康',NULL,0,1,3,0,'2013-04-15 14:43:27','2013-04-15 14:43:27'),(38,'女性护理','女性护理',NULL,0,1,3,0,'2013-04-15 14:43:32','2013-04-15 14:43:32'),(39,'美容瘦身','美容瘦身',NULL,0,1,3,0,'2013-04-15 14:43:39','2013-04-15 14:43:39'),(40,'足部保健','足部保健',NULL,0,1,3,0,'2013-04-15 14:43:44','2013-04-15 14:43:44'),(41,'耳塞','耳塞',NULL,0,0,28,0,'2013-04-15 14:44:12','2013-04-15 14:44:12'),(42,'眼罩','眼罩',NULL,0,1,28,0,'2013-04-15 14:44:22','2013-04-15 14:44:22'),(43,'止鼾','止鼾',NULL,0,1,28,0,'2013-04-15 14:44:27','2013-04-15 14:44:27'),(44,'失眠助眠','失眠助眠',NULL,0,1,28,0,'2013-04-15 14:44:32','2013-04-15 14:44:32'),(45,'睡枕','睡枕',NULL,0,1,28,0,'2013-04-15 14:44:48','2013-04-15 14:44:48'),(46,'其他','其他',NULL,0,1,28,0,'2013-04-15 14:44:51','2013-04-15 14:44:51'),(47,'按摩推拿','按摩推拿',NULL,0,0,29,0,'2013-04-15 14:45:11','2013-04-15 14:45:11'),(48,'通经活络','通经活络',NULL,0,0,29,0,'2013-04-15 14:45:26','2013-04-15 14:45:26'),(49,'其他','其他',NULL,0,2,29,0,'2013-04-15 15:25:07','2013-04-15 15:25:07'),(50,'制氧机','制氧机',NULL,0,0,30,0,'2013-04-15 15:51:48','2013-04-15 15:51:48'),(51,'呼吸机','呼吸机',NULL,0,0,30,0,'2013-04-15 15:51:57','2013-04-15 15:51:57'),(52,'供氧辅助','供氧辅助',NULL,0,0,30,0,'2013-04-15 15:52:09','2013-04-15 15:52:09'),(53,'雾化器','雾化器',NULL,0,0,30,0,'2013-04-15 15:52:15','2013-04-15 15:52:15'),(54,'净化器','净化器',NULL,0,0,30,0,'2013-04-15 15:52:21','2013-04-15 15:52:21'),(55,'其他','其他',NULL,0,0,30,0,'2013-04-15 15:52:26','2013-04-15 15:52:26'),(56,'针灸','针灸',NULL,0,0,31,0,'2013-04-15 15:52:40','2013-04-15 15:52:40'),(57,'拔罐','把关',NULL,0,0,31,0,'2013-04-15 15:52:43','2013-04-17 16:21:56'),(58,'刮痧','刮痧',NULL,0,0,31,0,'2013-04-15 15:52:48','2013-04-17 16:21:50'),(59,'砭石','砭石',NULL,0,0,31,0,'2013-04-15 15:52:51','2013-04-15 15:52:51'),(60,'艾灸','艾灸',NULL,0,0,31,0,'2013-04-15 15:52:55','2013-04-15 15:52:55'),(61,'其他','其他',NULL,0,0,31,0,'2013-04-15 15:52:58','2013-04-15 15:52:58'),(62,'电磁治疗','电磁治疗',NULL,0,0,32,0,'2013-04-15 15:53:09','2013-04-15 15:53:09'),(63,'神灯','神灯',NULL,0,0,32,0,'2013-04-15 15:53:13','2013-04-15 15:53:13'),(64,'经络经穴治疗','经络经穴治疗',NULL,0,0,32,0,'2013-04-15 15:53:27','2013-04-15 15:53:27'),(65,'红外频谱治疗','红外频谱治疗',NULL,0,0,32,0,'2013-04-15 15:53:39','2013-04-15 15:53:39'),(66,'激光微波治疗','激光微波治疗',NULL,0,0,32,0,'2013-04-15 15:53:46','2013-04-15 15:53:46'),(67,'紫外线治疗','紫外线治疗',NULL,0,5,32,0,'2013-04-15 15:53:56','2013-04-15 15:53:56'),(68,'其他','其他',NULL,0,5,32,0,'2013-04-15 15:54:03','2013-04-15 15:54:03'),(69,'胎心仪','胎心仪',NULL,0,0,33,0,'2013-04-15 15:54:14','2013-04-15 15:54:14'),(70,'胎儿用品','胎儿用品',NULL,0,0,33,0,'2013-04-15 15:54:19','2013-04-15 15:54:19'),(71,'婴幼用品','婴幼用品',NULL,0,2,33,0,'2013-04-15 15:55:10','2013-04-15 15:55:10'),(72,'少儿用品','少儿用品',NULL,0,2,33,0,'2013-04-15 15:55:16','2013-04-15 15:55:16'),(73,'青春期','青春期',NULL,0,2,33,0,'2013-04-15 15:55:21','2013-04-15 15:55:21'),(74,'其他','其他',NULL,0,2,33,0,'2013-04-15 15:55:24','2013-04-15 15:55:24'),(75,'老年通信用品','老年通信用品',NULL,0,0,34,0,'2013-04-15 15:55:47','2013-04-15 15:55:47'),(76,'保健梳','保荐书',NULL,0,0,34,0,'2013-04-15 15:55:53','2013-04-15 15:56:07'),(77,'老年首饰','老年首饰',NULL,0,2,34,0,'2013-04-15 15:56:54','2013-04-15 15:56:54'),(78,'散步音响','散步音响',NULL,0,2,34,0,'2013-04-15 15:57:02','2013-04-15 15:57:02'),(79,'提菜器','提菜器',NULL,0,2,34,0,'2013-04-15 15:57:15','2013-04-15 15:57:15'),(80,'针线','针线',NULL,0,2,34,0,'2013-04-15 15:57:20','2013-04-15 15:57:20'),(81,'阅读','阅读',NULL,0,2,34,0,'2013-04-15 15:57:24','2013-04-15 15:57:24'),(82,'烟嘴','烟嘴',NULL,0,2,34,0,'2013-04-15 15:57:28','2013-04-15 15:57:28'),(83,'其他','其他',NULL,0,2,34,0,'2013-04-15 15:57:32','2013-04-15 15:57:32'),(84,'拐杖','拐杖',NULL,0,0,35,0,'2013-04-15 15:58:20','2013-04-15 15:58:20'),(85,'轮椅','轮椅',NULL,0,0,35,0,'2013-04-15 15:58:24','2013-04-15 15:58:24'),(86,'站立架','站立架',NULL,0,0,35,0,'2013-04-15 15:58:29','2013-04-15 15:58:29'),(87,'代步爬楼','代步爬楼',NULL,0,0,35,0,'2013-04-15 15:58:40','2013-04-15 15:58:40'),(88,'治疗车','治疗车',NULL,0,0,35,0,'2013-04-15 15:58:48','2013-04-15 15:58:48'),(89,'其他','其他',NULL,0,0,35,0,'2013-04-15 15:58:51','2013-04-15 15:58:51'),(90,'益智玩具','益智玩具',NULL,0,0,36,0,'2013-04-15 15:59:05','2013-04-15 15:59:05'),(91,'健身运动','健身运动',NULL,0,1,36,0,'2013-04-15 16:01:12','2013-04-15 16:01:12'),(92,'其他','其他',NULL,0,1,36,0,'2013-04-15 16:01:16','2013-04-15 16:01:16'),(93,'前列腺','前列腺',NULL,0,0,37,0,'2013-04-15 16:01:33','2013-04-15 16:01:33'),(94,'性功能','性功能',NULL,0,0,37,0,'2013-04-15 16:01:37','2013-04-15 16:01:37'),(95,'男人用品','男人用品',NULL,0,0,37,0,'2013-04-15 16:01:43','2013-04-15 16:01:43'),(96,'其他','其他',NULL,0,0,37,0,'2013-04-15 16:01:46','2013-04-15 16:01:46'),(97,'洁阴','洁阴',NULL,0,0,38,0,'2013-04-15 16:02:05','2013-04-15 16:02:05'),(98,'经期','经期',NULL,0,0,38,0,'2013-04-15 16:02:10','2013-04-15 16:02:10'),(99,'孕期','孕期',NULL,0,0,38,0,'2013-04-15 16:02:15','2013-04-15 16:02:15'),(100,'女人用品','女人用品',NULL,0,0,38,0,'2013-04-15 16:02:20','2013-04-15 16:02:20'),(101,'其他','其他',NULL,0,0,38,0,'2013-04-15 16:02:24','2013-04-15 16:02:24'),(102,'美容嫩肤','美容嫩肤',NULL,0,0,39,0,'2013-04-15 16:03:24','2013-04-15 16:03:24'),(103,'祛疤','祛疤',NULL,0,0,39,0,'2013-04-15 16:03:29','2013-04-15 16:03:29'),(104,'减肥','减肥',NULL,0,0,39,0,'2013-04-15 16:03:34','2013-04-15 16:03:34'),(105,'美腿','美腿',NULL,0,0,39,0,'2013-04-15 16:03:38','2013-04-15 16:03:38'),(106,'其他','其他',NULL,0,0,39,0,'2013-04-15 16:03:41','2013-04-15 16:03:41'),(107,'脚气','New node',NULL,0,0,40,0,'2013-04-15 16:03:52','2013-04-15 16:04:09'),(108,'鞋垫','鞋垫',NULL,0,0,40,0,'2013-04-15 16:03:58','2013-04-15 16:03:58'),(109,'暖足护足','暖足护足',NULL,0,2,40,0,'2013-04-15 16:04:20','2013-04-15 16:04:20'),(110,'足浴足疗','足浴足疗',NULL,0,2,40,0,'2013-04-15 16:04:26','2013-04-15 16:04:26'),(111,'足部按摩','足部按摩',NULL,0,2,40,0,'2013-04-15 16:04:32','2013-04-15 16:04:32'),(112,'其他','其他',NULL,0,2,40,0,'2013-04-15 16:04:36','2013-04-15 16:04:36'),(113,'电源','电源',NULL,0,0,14,0,'2013-04-15 16:05:14','2013-04-15 16:05:14'),(114,'指甲刀','指甲刀',NULL,0,0,14,0,'2013-04-15 16:05:21','2013-04-15 16:05:21'),(115,'修脚','修脚',NULL,0,0,14,0,'2013-04-15 16:05:27','2013-04-15 16:05:27'),(116,'注射输液','注射输液',NULL,0,0,12,0,'2013-04-15 16:05:41','2013-04-15 16:05:41'),(117,'治疗床车','治疗床车',NULL,0,0,12,0,'2013-04-15 16:05:55','2013-04-15 16:05:55'),(118,'照明器具','照明器具',NULL,0,0,12,0,'2013-04-15 16:06:02','2013-04-15 16:06:02'),(119,'常用工具','常用工具',NULL,0,0,12,0,'2013-04-15 16:06:09','2013-04-15 16:06:09'),(120,'其他','其他',NULL,0,0,12,0,'2013-04-15 16:06:12','2013-04-15 16:06:12'),(121,'脂肪测量','脂肪测量',NULL,0,0,13,0,'2013-04-15 16:07:20','2013-04-15 16:07:20'),(122,'听诊器','听诊器',NULL,0,0,13,0,'2013-04-15 16:07:25','2013-04-15 16:07:25'),(123,'体重秤','体重秤',NULL,0,0,13,0,'2013-04-15 16:07:31','2013-04-15 16:07:31'),(124,'计步器','计步器',NULL,0,0,13,0,'2013-04-15 16:07:36','2013-04-15 16:07:36'),(125,'诊断盒','诊断盒',NULL,0,0,13,0,'2013-04-15 16:07:41','2013-04-15 16:07:41'),(126,'卡路里计','卡路里及',NULL,0,0,13,0,'2013-04-15 16:07:46','2013-04-15 16:08:13'),(127,'其他','其他',NULL,0,6,13,0,'2013-04-15 16:08:17','2013-04-15 16:08:17'),(128,'湿巾纸巾','湿巾纸巾',NULL,0,0,8,0,'2013-04-15 16:08:41','2013-04-15 16:08:41'),(129,'消毒清洁','消毒清洁',NULL,0,0,8,0,'2013-04-15 16:08:48','2013-04-15 16:08:48'),(130,'驱蚊杀虫','驱蚊杀虫',NULL,0,0,8,0,'2013-04-15 16:08:56','2013-04-15 16:08:56'),(131,'衣帽口罩','衣帽口罩',NULL,0,0,8,0,'2013-04-15 16:09:06','2013-04-15 16:09:06'),(132,'其他','其他',NULL,0,0,8,0,'2013-04-15 16:09:11','2013-04-15 16:09:11'),(133,'药箱','药箱',NULL,0,0,9,0,'2013-04-15 16:09:25','2013-04-15 16:09:25'),(134,'广口瓶','广口瓶',NULL,0,0,9,0,'2013-04-15 16:09:32','2013-04-15 16:09:32'),(135,'药盒','药盒',NULL,0,0,9,0,'2013-04-15 16:09:41','2013-04-15 16:09:41'),(136,'煎药','煎药',NULL,0,0,9,0,'2013-04-15 16:09:46','2013-04-15 16:09:46'),(137,'其他','其他',NULL,0,0,9,0,'2013-04-15 16:09:50','2013-04-15 16:09:50'),(138,'晕车','晕车',NULL,0,0,10,0,'2013-04-15 16:10:03','2013-04-15 16:10:03'),(139,'晕船','晕船',NULL,0,0,10,0,'2013-04-15 16:10:07','2013-04-15 16:10:07'),(140,'晕机','晕机',NULL,0,0,10,0,'2013-04-15 16:10:11','2013-04-15 16:10:11'),(141,'其他','其他',NULL,0,0,10,0,'2013-04-15 16:10:16','2013-04-15 16:10:16'),(142,'温度计','温度计',NULL,0,0,11,0,'2013-04-15 16:10:29','2013-04-15 16:10:29'),(143,'退热冷敷','退热冷敷',NULL,0,0,11,0,'2013-04-15 16:10:36','2013-04-15 16:10:36'),(144,'加热热敷','加热热敷',NULL,0,0,11,0,'2013-04-15 16:10:42','2013-04-15 16:10:42'),(145,'其他','其他',NULL,0,0,11,0,'2013-04-15 16:10:46','2013-04-15 16:10:46'),(146,'漱口','漱口',NULL,0,0,7,0,'2013-04-15 16:11:12','2013-04-15 16:11:12'),(147,'牙齿清洁','牙齿清洁',NULL,0,0,7,0,'2013-04-15 16:11:21','2013-04-15 16:11:21'),(148,'口腔溃疡','口腔溃疡',NULL,0,0,7,0,'2013-04-15 16:11:27','2013-04-15 16:11:27'),(149,'唇舌','唇舌',NULL,0,0,7,0,'2013-04-15 16:11:32','2013-04-15 16:11:32'),(150,'牙痛','牙痛',NULL,0,0,7,0,'2013-04-15 16:11:38','2013-04-15 16:11:38'),(151,'假牙','假牙',NULL,0,0,7,0,'2013-04-15 16:11:43','2013-04-15 16:11:43'),(152,'戒烟','戒烟',NULL,0,0,7,0,'2013-04-15 16:11:47','2013-04-15 16:11:47'),(153,'其他','其他',NULL,0,0,7,0,'2013-04-15 16:11:51','2013-04-15 16:11:51'),(154,'急救止血','急救止血',NULL,0,0,6,0,'2013-04-15 16:12:10','2013-04-15 16:12:10'),(155,'创可贴','创可贴',NULL,0,0,6,0,'2013-04-15 16:12:18','2013-04-15 16:12:18'),(156,'痛可贴','痛可贴',NULL,0,0,6,0,'2013-04-15 16:12:24','2013-04-15 16:12:24'),(157,'创疡贴','溃疡贴',NULL,0,0,6,0,'2013-04-15 16:12:28','2013-04-15 16:12:55'),(158,'包扎敷料','包扎敷料',NULL,0,4,6,0,'2013-04-15 16:13:05','2013-04-15 16:13:05'),(159,'其他','其他',NULL,0,4,6,0,'2013-04-15 16:13:09','2013-04-15 16:13:09'),(160,'血糖仪','血糖仪',NULL,0,0,21,0,'2013-04-15 16:13:39','2013-04-15 16:13:39'),(161,'血糖试纸','血糖试纸',NULL,0,0,21,0,'2013-04-15 16:13:47','2013-04-15 16:13:47'),(162,'尿糖试纸','尿糖试纸',NULL,0,0,21,0,'2013-04-15 16:13:54','2013-04-15 16:13:54'),(163,'胰岛素','胰岛素',NULL,0,0,21,0,'2013-04-15 16:13:59','2013-04-15 16:13:59'),(164,'葡萄糖','葡萄糖',NULL,0,0,21,0,'2013-04-15 16:14:03','2013-04-15 16:14:03'),(165,'注射用具','注射用具',NULL,0,0,21,0,'2013-04-15 16:14:10','2013-04-15 16:14:10'),(166,'胆固醇','胆固醇',NULL,0,0,21,0,'2013-04-15 16:14:19','2013-04-15 16:14:19'),(167,'其他','其他',NULL,0,0,21,0,'2013-04-15 16:14:23','2013-04-15 16:14:23'),(168,'保健枕','保健枕',NULL,0,0,22,0,'2013-04-15 16:14:37','2013-04-15 16:14:37'),(169,'颈椎护具','颈椎护具',NULL,0,0,22,0,'2013-04-15 16:14:43','2013-04-15 16:14:43'),(170,'灸贴贴膏(product:0,shop:0.item:0)','灸贴贴膏',NULL,0,0,22,0,'2013-04-15 16:14:59','2013-04-15 16:15:19'),(171,'按摩器具','按摩器具',NULL,0,3,22,0,'2013-04-15 16:15:27','2013-04-15 16:15:27'),(172,'其他','其他',NULL,0,3,22,0,'2013-04-15 16:15:31','2013-04-15 16:15:31'),(173,'护肩','护肩',NULL,0,0,23,0,'2013-04-15 16:16:04','2013-04-15 16:16:04'),(174,'护腕','护腕',NULL,0,0,23,0,'2013-04-15 16:16:09','2013-04-15 16:16:09'),(175,'护肘','护肘',NULL,0,0,23,0,'2013-04-15 16:16:13','2013-04-15 16:16:13'),(176,'护掌','护掌',NULL,0,0,23,0,'2013-04-15 16:16:19','2013-04-15 16:16:19'),(177,'护臂','护臂',NULL,0,0,23,0,'2013-04-15 16:16:25','2013-04-15 16:16:25'),(178,'灸贴贴膏','灸贴贴膏】',NULL,0,0,23,0,'2013-04-15 16:16:29','2013-04-15 16:16:37'),(179,'其他','其他',NULL,0,6,23,0,'2013-04-15 16:16:41','2013-04-15 16:16:41'),(180,'护腰','护腰',NULL,0,0,24,0,'2013-04-15 16:16:53','2013-04-15 16:16:53'),(181,'护髋','护髋',NULL,0,0,24,0,'2013-04-15 16:17:01','2013-04-15 16:17:01'),(182,'护胃','护胃',NULL,0,0,24,0,'2013-04-15 16:17:08','2013-04-15 16:17:08'),(183,'疝气带','疝气带',NULL,0,0,24,0,'2013-04-15 16:17:13','2013-04-15 16:17:13'),(184,'灸贴贴膏','灸贴贴膏',NULL,0,0,24,0,'2013-04-15 16:17:17','2013-04-15 16:17:17'),(185,'其他','其他',NULL,0,0,24,0,'2013-04-15 16:17:24','2013-04-15 16:17:24'),(186,'护踝','护踝',NULL,0,0,25,0,'2013-04-15 16:17:34','2013-04-15 16:17:34'),(187,'护腿','护腿',NULL,0,0,25,0,'2013-04-15 16:17:38','2013-04-15 16:17:38'),(188,'护膝','护膝',NULL,0,0,25,0,'2013-04-15 16:17:43','2013-04-15 16:17:43'),(189,'特制袜','特质袜',NULL,0,0,25,0,'2013-04-15 16:17:50','2013-04-15 16:18:09'),(190,'灸贴贴膏','灸贴贴膏',NULL,0,4,25,0,'2013-04-15 16:18:19','2013-04-15 16:18:19'),(191,'步行训练','步行训练',NULL,0,4,25,0,'2013-04-15 16:18:26','2013-04-15 16:18:26'),(192,'其他','其他',NULL,0,4,25,0,'2013-04-15 16:18:30','2013-04-15 16:18:30'),(193,'痔疮','痔疮',NULL,0,0,26,0,'2013-04-15 16:18:47','2013-04-15 16:18:47'),(194,'便秘','便秘',NULL,0,0,26,0,'2013-04-15 16:18:51','2013-04-15 16:18:51'),(195,'肛肠清洁','肛肠清洁',NULL,0,0,26,0,'2013-04-15 16:18:56','2013-04-15 16:18:56'),(196,'其他','其他',NULL,0,0,26,0,'2013-04-15 16:19:00','2013-04-15 16:19:00'),(197,'止痛灸贴','止痛灸贴',NULL,0,0,27,0,'2013-04-15 16:19:23','2013-04-15 16:19:23'),(198,'跌打损伤贴','跌打损伤贴',NULL,0,0,27,0,'2013-04-15 16:19:31','2013-04-15 16:19:31'),(199,'咳喘灸贴','咳喘灸贴贴膏',NULL,0,0,27,0,'2013-04-15 16:19:37','2013-04-15 16:19:53'),(200,'止泻灸贴','止泻灸贴',NULL,0,3,27,0,'2013-04-15 16:20:25','2013-04-15 16:20:25'),(201,'风湿灸贴','风湿灸贴',NULL,0,3,27,0,'2013-04-15 16:20:32','2013-04-15 16:20:32'),(202,'突出灸贴','突出灸贴',NULL,0,3,27,0,'2013-04-15 16:20:37','2013-04-15 16:20:37'),(203,'增生灸贴','增生灸贴',NULL,0,3,27,0,'2013-04-15 16:20:42','2013-04-15 16:20:42'),(204,'关节灸贴','关节灸贴',NULL,0,3,27,0,'2013-04-15 16:20:48','2013-04-15 16:20:48'),(205,'保健灸贴','保健灸贴',NULL,0,3,27,0,'2013-04-15 16:20:52','2013-04-15 16:20:52'),(206,'其他','其他',NULL,0,3,27,0,'2013-04-15 16:20:55','2013-04-15 16:20:55'),(207,'鼻塞','鼻塞',NULL,0,0,18,0,'2013-04-15 16:21:13','2013-04-15 16:21:13'),(208,'鼻炎','鼻炎',NULL,0,0,18,0,'2013-04-15 16:21:17','2013-04-15 16:21:17'),(209,'鼻腔清洗','鼻腔清洗',NULL,0,0,18,0,'2013-04-15 16:21:26','2013-04-15 16:21:26'),(210,'鼻鼾','鼻鼾',NULL,0,0,18,0,'2013-04-15 16:21:47','2013-04-15 16:21:47'),(211,'其他','其他',NULL,0,0,18,0,'2013-04-15 16:21:50','2013-04-15 16:21:50'),(212,'大小便','大小便',NULL,0,0,19,0,'2013-04-15 16:22:06','2013-04-15 16:22:06'),(213,'床垫坐垫','床垫坐垫',NULL,0,0,19,0,'2013-04-15 16:22:20','2013-04-15 16:22:20'),(214,'上肢康复','上肢康复',NULL,0,0,19,0,'2013-04-15 16:22:29','2013-04-15 16:22:29'),(215,'下肢康复','下肢康复',NULL,0,0,19,0,'2013-04-15 16:22:37','2013-04-15 16:22:37'),(216,'护理床椅','护理床椅',NULL,0,0,19,0,'2013-04-15 16:22:51','2013-04-15 16:22:51'),(217,'洗浴用具','洗浴用具',NULL,0,0,19,0,'2013-04-15 16:23:04','2013-04-15 16:23:04'),(218,'呼救装备','呼救装备',NULL,0,0,19,0,'2013-04-15 16:23:11','2013-04-15 16:23:11'),(219,'其他','其他',NULL,0,0,19,0,'2013-04-15 16:23:15','2013-04-15 16:23:15'),(220,'血压计','血压计',NULL,0,0,20,0,'2013-04-15 16:23:27','2013-04-15 16:23:27'),(221,'血氧仪','血氧仪',NULL,0,0,20,0,'2013-04-15 16:23:32','2013-04-15 16:23:32'),(222,'强心卡','强心卡',NULL,0,0,20,0,'2013-04-15 16:23:37','2013-04-15 16:23:37'),(223,'血压调节','血压调节',NULL,0,0,20,0,'2013-04-15 16:23:42','2013-04-15 16:23:42'),(224,'脉搏计','脉搏计',NULL,0,0,20,0,'2013-04-15 16:23:47','2013-04-15 16:23:47'),(225,'心电仪','心电仪',NULL,0,0,20,0,'2013-04-15 16:23:58','2013-04-15 16:23:58'),(226,'心率仪','心率仪',NULL,0,0,20,0,'2013-04-15 16:24:05','2013-04-15 16:24:05'),(227,'其他','其他',NULL,0,0,20,0,'2013-04-15 16:24:13','2013-04-15 16:24:13'),(228,'助听器','助听器',NULL,0,0,15,0,'2013-04-15 16:24:29','2013-04-15 16:24:29'),(229,'干燥器','干燥器',NULL,0,0,15,0,'2013-04-15 16:24:33','2013-04-15 16:24:33'),(230,'声音放大器','声音放大器',NULL,0,0,15,0,'2013-04-15 16:24:40','2013-04-15 16:24:40'),(231,'耳腔清洗','耳腔清洗',NULL,0,3,15,0,'2013-04-15 16:25:28','2013-04-15 16:25:28'),(232,'其他','其他',NULL,0,3,15,0,'2013-04-15 16:25:32','2013-04-15 16:25:32'),(233,'浸泡剂','浸泡剂',NULL,0,0,16,0,'2013-04-15 16:26:14','2013-04-15 16:26:14'),(234,'白癜风','白癜风',NULL,0,0,16,0,'2013-04-15 16:26:20','2013-04-15 16:26:20'),(235,'灰指甲','灰指甲',NULL,0,0,16,0,'2013-04-15 16:26:27','2013-04-15 16:26:27'),(236,'狐臭','狐臭',NULL,0,0,16,0,'2013-04-15 16:26:32','2013-04-15 16:26:32'),(237,'疮廯鸡眼','疮廯鸡眼',NULL,0,0,16,0,'2013-04-15 16:26:42','2013-04-15 16:26:42'),(238,'过敏瘙痒','过敏瘙痒',NULL,0,0,16,0,'2013-04-15 16:26:52','2013-04-15 16:26:52'),(239,'其他','其他',NULL,0,0,16,0,'2013-04-15 16:26:55','2013-04-15 16:26:55'),(240,'近视','近视',NULL,0,0,17,0,'2013-04-15 16:27:12','2013-04-15 16:27:12'),(241,'弱视','弱视',NULL,0,0,17,0,'2013-04-15 16:27:16','2013-04-15 16:27:16'),(242,'散光','散光',NULL,0,0,17,0,'2013-04-15 16:27:23','2013-04-15 16:27:23'),(243,'色盲','色盲',NULL,0,0,17,0,'2013-04-15 16:27:29','2013-04-15 16:27:29'),(244,'白内障','白内障',NULL,0,0,17,0,'2013-04-15 16:27:38','2013-04-15 16:27:38'),(245,'护眼舒眼','护眼舒眼',NULL,0,0,17,0,'2013-04-15 16:27:57','2013-04-15 16:27:57'),(246,'其他','其他',NULL,0,0,17,0,'2013-04-15 16:28:04','2013-04-15 16:28:04'),(247,'避孕计生','日常避孕',NULL,0,13,3,0,'2013-04-16 16:15:41','2013-04-16 16:48:04'),(248,'避孕套','男用',NULL,0,0,247,0,'2013-04-16 16:16:08','2013-04-16 16:46:41'),(249,'紧急避孕','女佣',NULL,0,0,247,0,'2013-04-16 16:16:32','2013-04-16 16:46:48'),(250,'日常避孕','日常避孕',NULL,0,2,247,0,'2013-04-16 16:46:58','2013-04-16 16:46:58'),(251,'情趣用品','情趣用品',NULL,0,2,247,0,'2013-04-16 16:47:20','2013-04-16 16:47:20'),(252,'早孕测试','早孕测试',NULL,0,2,247,0,'2013-04-16 16:47:25','2013-04-16 16:47:25'),(253,'润滑杀菌','润滑杀菌',NULL,0,2,247,0,'2013-04-16 16:47:42','2013-04-16 16:47:42'),(254,'洗发护发','洗发护发',NULL,0,3,14,0,'2013-04-19 07:25:19','2013-04-19 07:25:19'),(255,'沐浴露','沐浴露',NULL,0,4,14,0,'2013-04-19 07:27:14','2013-04-19 07:27:14');
/*!40000 ALTER TABLE `category` ENABLE KEYS */;
UNLOCK TABLES;

--
-- Table structure for table `category_ass`
--

DROP TABLE IF EXISTS `category_ass`;
/*!40101 SET @saved_cs_client     = @@character_set_client */;
/*!40101 SET character_set_client = utf8 */;
CREATE TABLE `category_ass` (
  `id` bigint(22) NOT NULL AUTO_INCREMENT,
  `out_category_id` bigint(22) DEFAULT NULL,
  `out_category_name` varchar(128) COLLATE utf8_bin DEFAULT NULL,
  `platform` int(11) NOT NULL,
  `shop_name` varchar(128) COLLATE utf8_bin DEFAULT NULL,
  `inner_category_id` bigint(22) NOT NULL,
  `is_deleted` tinyint(4) NOT NULL,
  `gmt_create` datetime NOT NULL,
  `gmt_modified` datetime NOT NULL,
  PRIMARY KEY (`id`),
  KEY `inner_category_id_category` (`inner_category_id`),
  CONSTRAINT `inner_category_id_category` FOREIGN KEY (`inner_category_id`) REFERENCES `category` (`id`)
) ENGINE=InnoDB AUTO_INCREMENT=470 DEFAULT CHARSET=utf8 COLLATE=utf8_bin;
/*!40101 SET character_set_client = @saved_cs_client */;

--
-- Dumping data for table `category_ass`
--

LOCK TABLES `category_ass` WRITE;
/*!40000 ALTER TABLE `category_ass` DISABLE KEYS */;
INSERT INTO `category_ass` VALUES (2,424706969,'血压计',2,'01-华源大药房',220,0,'2013-04-16 16:30:12','2013-04-16 16:30:12'),(3,424706970,'血糖仪',2,'01-华源大药房',160,0,'2013-04-16 16:32:52','2013-04-16 16:32:52'),(4,424706971,'体温计',2,'01-华源大药房',142,0,'2013-04-16 16:33:40','2013-04-16 16:34:03'),(5,424706972,'保健理疗',2,'01-华源大药房',68,0,'2013-04-16 16:39:57','2013-04-16 16:39:57'),(6,424706973,'贴膏贴剂',2,'01-华源大药房',206,0,'2013-04-16 16:40:56','2013-04-16 16:40:56'),(7,451661436,'医用用具',2,'01-华源大药房',120,0,'2013-04-16 16:41:49','2013-04-16 16:41:49'),(8,456989186,'轮椅拐杖',2,'01-华源大药房',85,0,'2013-04-16 16:42:43','2013-04-16 16:42:43'),(9,497014039,'助听器',2,'01-华源大药房',228,0,'2013-04-16 16:43:25','2013-04-16 16:43:25'),(10,502823200,'脂肪测量器',2,'01-华源大药房',121,0,'2013-04-16 16:44:14','2013-04-16 16:44:14'),(11,636447418,'其他',2,'01-华源大药房',102,0,'2013-04-16 16:45:35','2013-04-16 16:45:35'),(12,424705606,'避孕套',2,'01-华源大药房',248,0,'2013-04-16 16:49:24','2013-04-16 16:49:24'),(13,424705607,'紧急避孕',2,'01-华源大药房',249,0,'2013-04-16 16:50:03','2013-04-16 16:50:03'),(14,424705608,'日常避孕',2,'01-华源大药房',250,0,'2013-04-16 16:50:59','2013-04-16 16:50:59'),(15,644499117,'情趣用品',2,'01-华源大药房',251,0,'2013-04-16 16:51:38','2013-04-16 16:51:38'),(16,424705609,'早孕测试',2,'01-华源大药房',252,0,'2013-04-16 16:53:59','2013-04-16 16:53:59'),(17,424705610,'润滑杀菌',2,'01-华源大药房',253,0,'2013-04-16 16:54:59','2013-04-16 16:54:59'),(18,635736627,'避孕套',2,'28-立方大药房',248,0,'2013-04-17 05:15:45','2013-04-17 05:15:45'),(19,635736629,'避孕药',2,'28-立方大药房',250,0,'2013-04-17 05:16:46','2013-04-17 05:16:46'),(20,635736630,'情趣用品',2,'28-立方大药房',251,0,'2013-04-17 05:17:25','2013-04-17 05:17:25'),(21,635741021,'血压计',2,'28-立方大药房',220,0,'2013-04-17 05:19:34','2013-04-17 05:19:34'),(22,635741022,'血糖用品',2,'28-立方大药房',160,0,'2013-04-17 05:20:11','2013-04-17 05:20:11'),(23,635741023,'体温计',2,'28-立方大药房',142,0,'2013-04-17 05:20:48','2013-04-17 05:20:48'),(24,635741024,'家庭理疗',2,'28-立方大药房',68,0,'2013-04-17 05:23:57','2013-04-17 05:23:57'),(25,635741025,'助听器',2,'28-立方大药房',228,0,'2013-04-17 05:24:40','2013-04-17 05:24:40'),(26,635741026,'医用器具',2,'28-立方大药房',219,0,'2013-04-17 05:25:24','2013-04-17 05:25:24'),(27,647961291,'避孕药',2,'29-万泽大药房',249,0,'2013-04-17 07:21:31','2013-04-17 07:21:31'),(28,647961292,'避孕套',2,'29-万泽大药房',248,0,'2013-04-17 07:22:34','2013-04-17 07:22:34'),(29,647961293,'润滑液',2,'29-万泽大药房',253,0,'2013-04-17 07:23:18','2013-04-17 07:23:18'),(30,647961294,'验孕排卵',2,'29-万泽大药房',252,0,'2013-04-17 07:50:27','2013-04-17 07:50:27'),(31,707939558,'情趣用品',2,'29-万泽大药房',251,0,'2013-04-17 07:51:28','2013-04-17 07:51:28'),(32,647961286,'血压测量',2,'29-万泽大药房',220,0,'2013-04-17 07:56:37','2013-04-17 07:56:37'),(33,647961287,'血糖控制',2,'29-万泽大药房',160,0,'2013-04-17 07:57:28','2013-04-17 07:57:28'),(34,647961288,'家庭护理',2,'29-万泽大药房',68,0,'2013-04-17 07:59:00','2013-04-17 07:59:00'),(35,647961289,'轮椅拐杖',2,'29-万泽大药房',85,0,'2013-04-17 07:59:45','2013-04-17 07:59:45'),(36,665719398,'贴膏类',2,'29-万泽大药房',206,0,'2013-04-17 08:00:35','2013-04-17 08:00:35'),(37,665719762,'治疗仪',2,'29-万泽大药房',68,0,'2013-04-17 08:01:32','2013-04-17 08:01:32'),(38,509105314,'避孕套',2,'30-新兴大药房',248,0,'2013-04-17 08:03:20','2013-04-17 08:03:20'),(39,509105315,'紧急避孕',2,'30-新兴大药房',249,0,'2013-04-17 08:03:58','2013-04-17 08:03:58'),(40,509105316,'日常避孕',2,'30-新兴大药房',250,0,'2013-04-17 08:04:33','2013-04-17 08:04:33'),(41,509105317,'早孕测试',2,'30-新兴大药房',252,0,'2013-04-17 08:05:08','2013-04-17 08:05:08'),(42,509105318,'润滑杀菌',2,'30-新兴大药房',253,0,'2013-04-17 08:06:24','2013-04-17 08:06:24'),(43,630114299,'足部用品',2,'30-新兴大药房',110,0,'2013-04-17 08:08:25','2013-04-17 08:08:25'),(44,635913491,'口腔用品',2,'30-新兴大药房',147,0,'2013-04-17 08:09:21','2013-04-17 08:09:21'),(45,509105308,'血压计',2,'30-新兴大药房',220,0,'2013-04-17 08:51:12','2013-04-17 08:51:12'),(46,509105309,'血糖仪',2,'30-新兴大药房',160,0,'2013-04-17 08:51:48','2013-04-17 08:51:48'),(47,509105310,'保健理疗',2,'30-新兴大药房',68,0,'2013-04-17 08:52:48','2013-04-17 08:52:48'),(48,509105311,'体温计',2,'30-新兴大药房',142,0,'2013-04-17 08:53:35','2013-04-17 08:53:35'),(49,509105312,'贴膏贴剂',2,'30-新兴大药房',206,0,'2013-04-17 08:54:24','2013-04-17 08:54:24'),(50,616333941,'外科敷料',2,'30-新兴大药房',158,0,'2013-04-17 08:55:34','2013-04-17 08:55:34'),(51,631792271,'仪器耗材',1,'30-新兴大药房',120,0,'2013-04-17 08:57:30','2013-04-17 08:57:30'),(52,482157605,'避孕套',2,'31-百洋健康大药房',248,0,'2013-04-17 15:11:29','2013-04-17 15:11:29'),(53,482157608,'日常避孕',2,'31-百洋健康大药房',250,0,'2013-04-17 15:13:09','2013-04-17 15:13:09'),(54,482157607,'紧急避孕',2,'31-百洋健康大药房',249,0,'2013-04-17 15:13:57','2013-04-17 15:13:57'),(55,482157606,'润滑杀菌',2,'31-百洋健康大药房',253,0,'2013-04-17 15:14:23','2013-04-17 15:14:23'),(56,482157609,'早孕试纸',2,'31-百洋健康大药房',252,0,'2013-04-17 15:14:52','2013-04-17 15:14:52'),(57,482157600,'血压计',2,'31-百洋健康大药房',220,0,'2013-04-17 15:16:12','2013-04-17 15:16:12'),(58,482157601,'血糖仪',2,'31-百洋健康大药房',160,0,'2013-04-17 15:16:41','2013-04-17 15:16:41'),(59,482157602,'体温计',2,'31-百洋健康大药房',142,0,'2013-04-17 15:17:20','2013-04-17 15:17:20'),(60,482157603,'保健理疗',2,'31-百洋健康大药房',68,0,'2013-04-17 15:18:31','2013-04-17 15:18:31'),(61,482157604,'膏药喷剂',2,'31-百洋健康大药房',206,0,'2013-04-17 15:19:22','2013-04-17 15:19:22'),(62,645445170,'避孕套',2,'32-仁博大药房',248,0,'2013-04-17 15:27:45','2013-04-17 15:27:45'),(63,615966842,'口服避孕药',2,'32-仁博大药房',249,0,'2013-04-17 15:28:35','2013-04-17 15:28:35'),(64,517489223,'杜蕾斯',2,'32-仁博大药房',248,0,'2013-04-17 15:29:28','2013-04-17 15:29:28'),(65,517489224,'杰士邦',2,'32-仁博大药房',248,0,'2013-04-17 15:30:20','2013-04-17 15:30:20'),(66,517489225,'冈本',2,'32-仁博大药房',248,0,'2013-04-17 15:30:56','2013-04-17 15:30:56'),(67,627394182,'后定诺',2,'32-仁博大药房',248,0,'2013-04-17 15:31:29','2013-04-17 15:31:29'),(68,659243048,'西门子助听器',2,'32-仁博大药房',228,0,'2013-04-17 15:32:36','2013-04-17 15:32:36'),(69,645427644,'电子血压计',2,'32-仁博大药房',220,0,'2013-04-17 15:33:08','2013-04-17 15:33:08'),(70,645427645,'血糖仪及试纸',2,'32-仁博大药房',160,0,'2013-04-17 15:33:35','2013-04-17 15:33:35'),(71,645427646,'制氧机',2,'32-仁博大药房',50,0,'2013-04-17 15:34:06','2013-04-17 15:34:06'),(72,645427647,'轮椅',2,'32-仁博大药房',85,0,'2013-04-17 15:34:32','2013-04-17 15:34:32'),(73,645428540,'针灸类',2,'32-仁博大药房',56,0,'2013-04-17 15:35:11','2013-04-17 15:35:11'),(74,645797653,'护理保健',2,'32-仁博大药房',53,0,'2013-04-17 15:36:01','2013-04-17 15:36:01'),(75,658009285,'检查仪器',2,'32-仁博大药房',69,0,'2013-04-17 15:36:52','2013-04-17 15:36:52'),(76,658009286,'急救用品',2,'32-仁博大药房',154,0,'2013-04-17 15:37:46','2013-04-17 15:37:46'),(77,645785859,'温度计',2,'32-仁博大药房',142,0,'2013-04-17 15:38:46','2013-04-17 15:38:46'),(78,645797654,'太阳神',2,'32-仁博大药房',206,0,'2013-04-17 15:40:04','2013-04-17 15:40:04'),(79,645797655,'玛利雅',2,'32-仁博大药房',209,0,'2013-04-17 15:41:10','2013-04-17 15:41:10'),(80,349463266,'血糖用品',2,'33-复美大药房',160,0,'2013-04-17 15:43:55','2013-04-17 15:43:55'),(81,349463267,'血压仪器',2,'33-复美大药房',220,0,'2013-04-17 15:45:18','2013-04-17 15:45:18'),(82,349463268,'温度计类',2,'33-复美大药房',142,0,'2013-04-17 15:45:59','2013-04-17 15:45:59'),(83,349463269,'中医保健',2,'33-复美大药房',206,0,'2013-04-17 15:46:57','2013-04-17 15:46:57'),(84,349463270,'保健理疗',2,'33-复美大药房',206,0,'2013-04-17 15:48:48','2013-04-17 15:48:48'),(85,349463271,'轮椅拐杖',2,'33-复美大药房',85,0,'2013-04-17 15:50:04','2013-04-17 15:50:04'),(86,349463272,'护理用具',2,'33-复美大药房',132,0,'2013-04-17 15:53:46','2013-04-17 15:53:46'),(87,698818917,'自我检测',2,'33-复美大药房',127,0,'2013-04-17 15:54:38','2013-04-17 15:54:38'),(88,349465865,'口服避孕',2,'33-复美大药房',249,0,'2013-04-17 15:56:44','2013-04-17 15:56:44'),(89,349465866,'避孕套',2,'33-复美大药房',248,0,'2013-04-17 15:57:18','2013-04-17 15:57:18'),(90,349465867,'排卵验孕',2,'33-复美大药房',252,0,'2013-04-17 15:58:03','2013-04-17 15:58:03'),(91,349465868,'润滑剂',2,'33-复美大药房',253,0,'2013-04-17 15:58:36','2013-04-17 15:58:36'),(92,692026362,'成人用品',2,'33-复美大药房',251,0,'2013-04-17 15:59:10','2013-04-17 15:59:10'),(93,648466421,'避孕套',2,'02-七乐康大药房',248,0,'2013-04-17 16:06:43','2013-04-17 16:06:43'),(94,425041389,'避孕药',2,'02-七乐康大药房',250,0,'2013-04-17 16:07:53','2013-04-17 16:07:53'),(95,648583460,'震动棒',2,'02-七乐康大药房',251,0,'2013-04-17 16:10:12','2013-04-17 16:10:12'),(96,648583462,'消毒洗剂',2,'02-七乐康大药房',97,0,'2013-04-17 16:11:30','2013-04-17 16:11:30'),(97,648583461,'催情助兴',2,'02-七乐康大药房',251,0,'2013-04-17 16:12:13','2013-04-17 16:12:13'),(98,649417107,'血压计',2,'02-七乐康大药房',220,0,'2013-04-17 16:14:31','2013-04-17 16:14:31'),(99,651285279,'血糖仪',2,'02-七乐康大药房',160,0,'2013-04-17 16:14:57','2013-04-17 16:14:57'),(100,649422641,'体温计',2,'02-七乐康大药房',142,0,'2013-04-17 16:15:30','2013-04-17 16:15:30'),(101,649418662,'助听器',2,'02-七乐康大药房',228,0,'2013-04-17 16:16:01','2013-04-17 16:16:01'),(102,651304021,'轮椅拐杖',2,'02-七乐康大药房',85,0,'2013-04-17 16:16:43','2013-04-17 16:16:43'),(103,649418821,'颈椎腰椎按摩',2,'02-七乐康大药房',171,0,'2013-04-17 16:18:43','2013-04-17 16:18:43'),(104,649418822,'肩周按摩',2,'02-七乐康大药房',179,0,'2013-04-17 16:19:50','2013-04-17 16:19:50'),(105,649418823,'电子理疗仪器',2,'02-七乐康大药房',68,0,'2013-04-17 16:20:47','2013-04-17 16:20:47'),(106,649418824,'拔罐器',2,'02-七乐康大药房',57,0,'2013-04-17 16:22:37','2013-04-17 16:22:37'),(107,649418825,'计步器',2,'02-七乐康大药房',124,0,'2013-04-17 16:23:33','2013-04-17 16:23:33'),(108,649418826,'听诊器',2,'02-七乐康大药房',122,0,'2013-04-17 16:24:35','2013-04-17 16:24:35'),(109,654316300,'刮痧板',2,'02-七乐康大药房',58,0,'2013-04-17 16:25:05','2013-04-17 16:25:05'),(110,651299163,'制氧机',2,'02-七乐康大药房',50,0,'2013-04-17 16:26:32','2013-04-17 16:26:32'),(111,633748041,'血压仪器',2,'03-德生堂大药房',220,0,'2013-04-17 16:35:50','2013-04-17 16:35:50'),(112,633748042,'血糖用品',2,'03-德生堂大药房',167,0,'2013-04-17 16:36:23','2013-04-17 16:36:23'),(113,633748043,'助听器',2,'03-德生堂大药房',228,0,'2013-04-17 16:36:54','2013-04-17 16:36:54'),(114,633748044,'体温计温度计',2,'03-德生堂大药房',142,0,'2013-04-17 16:37:29','2013-04-17 16:37:29'),(115,633748045,'按摩仪器',2,'03-德生堂大药房',171,0,'2013-04-17 16:38:08','2013-04-17 16:38:08'),(116,633748046,'足浴盆',2,'03-德生堂大药房',110,0,'2013-04-17 16:38:33','2013-04-17 16:38:33'),(117,633748047,'护具护带',2,'03-德生堂大药房',106,0,'2013-04-17 16:40:22','2013-04-17 16:40:22'),(118,633748048,'药箱',2,'03-德生堂大药房',137,0,'2013-04-17 16:40:59','2013-04-17 16:40:59'),(119,633748049,'拐杖轮椅助行器',2,'03-德生堂大药房',85,0,'2013-04-17 16:41:38','2013-04-17 16:41:38'),(120,633748050,'家庭制氧',2,'03-德生堂大药房',50,0,'2013-04-17 16:42:05','2013-04-17 16:42:05'),(121,633748051,'计步器',2,'03-德生堂大药房',124,0,'2013-04-17 16:42:27','2013-04-17 16:42:27'),(122,634163354,'理疗仪器',2,'03-德生堂大药房',68,0,'2013-04-17 16:43:19','2013-04-17 16:43:19'),(123,634421645,'医用用品',2,'03-德生堂大药房',132,0,'2013-04-17 16:43:53','2013-04-17 16:43:53'),(124,634430914,'贴膏系列',2,'03-德生堂大药房',206,0,'2013-04-17 16:44:29','2013-04-17 16:44:29'),(125,636851004,'家庭常备',2,'03-德生堂大药房',137,0,'2013-04-17 16:45:16','2013-04-17 16:45:16'),(126,633762025,'避孕套',2,'03-德生堂大药房',248,0,'2013-04-17 16:46:40','2013-04-17 16:46:40'),(127,633762026,'润滑剂',2,'03-德生堂大药房',253,0,'2013-04-17 16:47:08','2013-04-17 16:47:08'),(128,633762027,'避孕药',2,'03-德生堂大药房',249,0,'2013-04-17 16:47:52','2013-04-17 16:47:52'),(129,633762028,'测孕试纸',2,'03-德生堂大药房',252,0,'2013-04-17 16:48:28','2013-04-17 16:48:28'),(130,633762029,'排卵试纸',2,'03-德生堂大药房',252,0,'2013-04-17 16:49:02','2013-04-17 16:49:02'),(131,634597192,'震动用具',2,'03-德生堂大药房',251,0,'2013-04-17 16:49:51','2013-04-17 16:49:51'),(132,535381207,'避孕套',2,'04-华佗大药房',248,0,'2013-04-18 13:36:44','2013-04-18 13:36:44'),(133,448638226,'口服避孕',2,'04-华佗大药房',249,0,'2013-04-18 13:38:05','2013-04-18 13:38:05'),(134,70324298,'性保健用品',2,'04-华佗大药房',251,0,'2013-04-18 13:38:45','2013-04-18 13:38:45'),(135,535381208,'女用避孕',2,'04-华佗大药房',248,0,'2013-04-18 13:39:46','2013-04-18 13:39:46'),(136,535381210,'润滑剂',2,'04-华佗大药房',253,0,'2013-04-18 13:40:25','2013-04-18 13:40:25'),(137,535381209,'验孕试纸',2,'04-华佗大药房',252,0,'2013-04-18 13:40:58','2013-04-18 13:40:58'),(138,448638233,'血糖用品',2,'04-华佗大药房',160,0,'2013-04-18 13:42:27','2013-04-18 13:42:27'),(139,448638235,'血压仪器',2,'04-华佗大药房',220,0,'2013-04-18 13:43:00','2013-04-18 13:43:00'),(140,448638239,'保健理疗',2,'04-华佗大药房',55,0,'2013-04-18 13:44:03','2013-04-18 13:44:03'),(141,448638238,'轮椅拐杖助行',2,'04-华佗大药房',85,0,'2013-04-18 13:45:03','2013-04-18 13:45:03'),(142,448638236,'制氧吸氧',2,'04-华佗大药房',50,0,'2013-04-18 13:45:34','2013-04-18 13:45:34'),(143,448638241,'中医理疗',2,'04-华佗大药房',56,0,'2013-04-18 13:46:17','2013-04-18 13:46:17'),(144,482426930,'避孕套',2,'05-海王星辰大药房',248,0,'2013-04-18 13:47:45','2013-04-18 14:04:47'),(145,482465528,'润滑剂',2,'05-海王星辰大药房',253,0,'2013-04-18 13:48:20','2013-04-18 14:05:17'),(146,482426931,'避孕药',2,'05-海王星辰大药房',249,0,'2013-04-18 13:49:14','2013-04-18 14:05:46'),(147,482426932,'验孕测试',2,'05-海王星辰大药房',252,0,'2013-04-18 13:49:49','2013-04-18 14:06:15'),(148,482466255,'排卵试纸',2,'05-海王星辰大药房',252,0,'2013-04-18 13:50:23','2013-04-18 14:06:36'),(149,424557386,'女性洗剂',2,'05-海王星辰大药房',97,0,'2013-04-18 13:51:16','2013-04-18 14:06:57'),(150,424557378,'血糖用品',2,'05-海王星辰大药房',160,0,'2013-04-18 13:54:19','2013-04-18 14:07:21'),(151,424557377,'血压仪器',2,'05-海王星辰大药房',220,0,'2013-04-18 13:55:19','2013-04-18 14:08:24'),(152,424557379,'温度计类',2,'05-海王星辰大药房',142,0,'2013-04-18 13:55:54','2013-04-18 14:08:48'),(153,424557382,'医药用具',2,'05-海王星辰大药房',120,0,'2013-04-18 13:56:25','2013-04-18 14:09:08'),(154,482426933,'贴膏贴剂',2,'05-海王星辰大药房',206,0,'2013-04-18 13:56:55','2013-04-18 14:09:34'),(155,424557381,'保健理疗',2,'05-海王星辰大药房',141,0,'2013-04-18 13:59:16','2013-04-18 14:09:57'),(156,424557380,'中医保健',2,'05-海王星辰大药房',61,0,'2013-04-18 14:00:15','2013-04-18 14:10:18'),(157,482426934,'医疗用品',2,'05-海王星辰大药房',132,0,'2013-04-18 14:00:57','2013-04-18 14:10:39'),(158,482463762,'按摩仪器',2,'05-海王星辰大药房',49,0,'2013-04-18 14:03:30','2013-04-18 14:10:58'),(159,649517232,'助听器之家',2,'06-亚洲大药房',228,0,'2013-04-18 14:16:29','2013-04-18 14:16:29'),(160,645509441,'疝气带',2,'06-亚洲大药房',183,0,'2013-04-18 14:17:50','2013-04-18 14:17:50'),(161,508178590,'血压计',2,'06-亚洲大药房',220,0,'2013-04-18 14:18:31','2013-04-18 14:18:31'),(162,533315919,'助听器',2,'06-亚洲大药房',228,0,'2013-04-18 14:21:25','2013-04-18 14:21:25'),(163,667993175,'听诊头',2,'06-亚洲大药房',122,0,'2013-04-18 14:22:17','2013-04-18 14:22:17'),(164,667995724,'胰岛素针头',2,'06-亚洲大药房',165,0,'2013-04-18 14:22:55','2013-04-18 14:22:55'),(165,667995728,'额式体温计',2,'06-亚洲大药房',142,0,'2013-04-18 14:24:08','2013-04-18 14:24:08'),(166,645513308,'中频治疗仪',2,'06-亚洲大药房',62,0,'2013-04-18 14:25:34','2013-04-18 14:25:34'),(167,667983781,'日常护理',2,'06-亚洲大药房',209,0,'2013-04-18 14:26:33','2013-04-18 14:26:33'),(168,508715667,'中医保健',2,'06-亚洲大药房',56,0,'2013-04-18 14:27:08','2013-04-18 14:27:08'),(169,668612257,'护具用品',2,'06-亚洲大药房',180,0,'2013-04-18 14:27:56','2013-04-18 14:27:56'),(170,508716245,'欧姆龙系列',2,'06-亚洲大药房',220,0,'2013-04-18 14:28:41','2013-04-18 14:28:41'),(171,508178591,'血糖仪',2,'06-亚洲大药房',160,0,'2013-04-18 14:29:29','2013-04-18 14:29:29'),(172,508178592,'体温计',2,'06-亚洲大药房',142,0,'2013-04-18 14:30:03','2013-04-18 14:30:03'),(173,508434661,'制氧机',2,'06-亚洲大药房',50,0,'2013-04-18 14:30:33','2013-04-18 14:30:33'),(174,668002678,'周林频谱治疗仪',2,'06-亚洲大药房',65,0,'2013-04-18 14:31:14','2013-04-18 14:31:14'),(175,533315500,'电子称',2,'06-亚洲大药房',123,0,'2013-04-18 14:34:53','2013-04-18 14:34:53'),(176,508517562,'家庭药箱',2,'06-亚洲大药房',133,0,'2013-04-18 14:35:21','2013-04-18 14:35:21'),(177,668612258,'贴膏系列',2,'06-亚洲大药房',206,0,'2013-04-18 14:36:28','2013-04-18 14:36:28'),(178,662591358,'欧脉系列',2,'06-亚洲大药房',168,0,'2013-04-18 14:38:27','2013-04-18 14:38:27'),(179,667993173,'水银血压计',2,'06-亚洲大药房',220,0,'2013-04-18 14:39:05','2013-04-18 14:39:05'),(180,667995722,'血糖仪',2,'06-亚洲大药房',160,0,'2013-04-18 14:39:29','2013-04-18 14:39:29'),(181,667995726,'电子体温计',2,'06-亚洲大药房',142,0,'2013-04-18 14:39:56','2013-04-18 14:39:56'),(182,668002676,'治疗仪',2,'06-亚洲大药房',62,0,'2013-04-18 14:40:37','2013-04-18 14:40:37'),(183,668002679,'国仁电磁波治疗仪',2,'06-亚洲大药房',62,0,'2013-04-18 14:41:27','2013-04-18 14:41:27'),(184,508715666,'医药用具',2,'06-亚洲大药房',120,0,'2013-04-18 14:42:03','2013-04-18 14:42:03'),(185,511610052,'消毒用品',2,'06-亚洲大药房',129,0,'2013-04-18 14:42:33','2013-04-18 14:42:33'),(186,668621617,'创可贴',2,'06-亚洲大药房',155,0,'2013-04-18 14:43:07','2013-04-18 14:43:07'),(187,667993174,'电子血压计',2,'06-亚洲大药房',220,0,'2013-04-18 14:43:35','2013-04-18 14:43:35'),(188,667995723,'血糖试纸',2,'06-亚洲大药房',161,0,'2013-04-18 14:43:57','2013-04-18 14:43:57'),(189,667995727,'耳温体温计',2,'06-亚洲大药房',142,0,'2013-04-18 14:44:24','2013-04-18 14:44:24'),(190,668002677,'低频治疗仪',2,'06-亚洲大药房',62,0,'2013-04-18 14:44:58','2013-04-18 14:44:58'),(191,668002680,'针灸治疗以',2,'06-亚洲大药房',56,0,'2013-04-18 14:45:54','2013-04-18 14:45:54'),(192,508447149,'保健理疗',2,'06-亚洲大药房',68,0,'2013-04-18 14:47:42','2013-04-18 14:47:42'),(193,508726299,'中医用品',2,'06-亚洲大药房',61,0,'2013-04-18 14:48:18','2013-04-18 14:48:18'),(194,668621618,'风湿痛贴',2,'06-亚洲大药房',201,0,'2013-04-18 14:49:34','2013-04-18 14:49:34'),(195,508325623,'避孕套',2,'06-亚洲大药房',248,0,'2013-04-18 14:50:40','2013-04-18 14:50:40'),(196,508325626,'润滑剂',2,'06-亚洲大药房',253,0,'2013-04-18 14:51:00','2013-04-18 14:51:00'),(197,508404294,'避孕药',2,'06-亚洲大药房',249,0,'2013-04-18 14:51:58','2013-04-18 14:51:58'),(198,508325624,'测孕试纸',2,'06-亚洲大药房',252,0,'2013-04-18 14:52:59','2013-04-18 14:52:59'),(199,508325625,'排卵试纸',2,'06-亚洲大药房',252,0,'2013-04-18 14:53:24','2013-04-18 14:53:24'),(200,667949118,'洗护保健',2,'06-亚洲大药房',97,0,'2013-04-18 14:54:28','2013-04-18 14:54:28'),(201,646009531,'情趣用品',2,'06-亚洲大药房',251,0,'2013-04-18 14:55:20','2013-04-18 14:55:20'),(202,491104091,'避孕套',2,'07-健民大药房',248,0,'2013-04-18 14:58:20','2013-04-18 14:58:20'),(203,491104092,'润滑剂',2,'07-健民大药房',253,0,'2013-04-18 15:00:14','2013-04-18 15:00:14'),(204,497737121,'验孕排卵',2,'07-健民大药房',252,0,'2013-04-18 15:01:43','2013-04-18 15:01:43'),(205,514751492,'口腔护理',2,'07-健民大药房',147,0,'2013-04-18 15:05:22','2013-04-18 15:05:22'),(206,514751493,'清洁日用',2,'07-健民大药房',147,0,'2013-04-18 15:07:14','2013-04-18 15:07:14'),(207,514751494,'眼睛护理',2,'07-健民大药房',245,0,'2013-04-18 15:08:49','2013-04-18 15:08:49'),(208,514751495,'伤口处理',2,'07-健民大药房',158,0,'2013-04-18 15:09:34','2013-04-18 15:09:34'),(209,514751496,'失禁护理',2,'07-健民大药房',212,0,'2013-04-18 15:10:20','2013-04-18 15:10:20'),(210,514751497,'造口护理',2,'07-健民大药房',212,0,'2013-04-18 15:10:56','2013-04-18 15:10:56'),(211,490627574,'孕婴监测',2,'07-健民大药房',69,0,'2013-04-18 15:12:24','2013-04-18 15:12:24'),(212,489387214,'血糖检测',2,'07-健民大药房',160,0,'2013-04-18 15:13:06','2013-04-18 15:13:06'),(213,539853698,'血压测控',2,'07-健民大药房',220,0,'2013-04-18 15:13:32','2013-04-18 15:13:32'),(214,490627574,'专业制氧',2,'07-健民大药房',50,0,'2013-04-18 15:14:35','2013-04-18 15:14:35'),(215,490627574,'拐杖轮椅',2,'07-健民大药房',85,0,'2013-04-18 15:16:12','2013-04-18 15:16:12'),(216,490627574,'塑形美体',2,'07-健民大药房',180,0,'2013-04-18 15:16:54','2013-04-18 15:16:54'),(217,427705640,'血压测量',2,'08-健客大药房',220,0,'2013-04-19 00:18:12','2013-04-19 00:18:12'),(218,695426402,'血糖仪器',2,'08-健客大药房',160,0,'2013-04-19 00:18:55','2013-04-19 00:18:55'),(219,695426403,'血糖试纸',2,'08-健客大药房',161,0,'2013-04-19 00:19:37','2013-04-19 00:19:37'),(220,427705642,'体温计',2,'08-健客大药房',142,0,'2013-04-19 00:20:13','2013-04-19 00:20:13'),(221,427705644,'理疗贴',2,'08-健客大药房',206,0,'2013-04-19 00:21:01','2013-04-19 00:21:01'),(222,695421249,'疝气治疗',2,'08-健客大药房',183,0,'2013-04-19 00:21:54','2013-04-19 00:21:54'),(223,427705645,'退热贴',2,'08-健客大药房',143,0,'2013-04-19 00:22:30','2013-04-19 00:22:30'),(224,427706861,'其他',2,'08-健客大药房',61,0,'2013-04-19 00:23:56','2013-04-19 00:23:56'),(225,695421248,'制氧机',2,'08-健客大药房',50,0,'2013-04-19 00:25:44','2013-04-19 00:25:44'),(226,426083326,'避孕套安全套',2,'08-健客大药房',248,0,'2013-04-19 00:26:30','2013-04-19 00:26:30'),(227,427699066,'润滑剂',2,'08-健客大药房',253,0,'2013-04-19 00:27:01','2013-04-19 00:27:01'),(228,427704744,'验孕排卵避孕药',2,'08-健客大药房',249,0,'2013-04-19 00:28:02','2013-04-19 00:28:02'),(229,708761497,'情趣用品',2,'08-健客大药房',251,0,'2013-04-19 00:28:41','2013-04-19 00:28:41'),(230,695380827,'性保健用品',2,'08-健客大药房',251,0,'2013-04-19 00:29:22','2013-04-19 00:29:22'),(231,427704744,'避孕药',2,'08-健客大药房',249,0,'2013-04-19 00:31:03','2013-04-19 00:31:03'),(232,521300540,'避孕套',2,'09-上海大药房',248,0,'2013-04-19 01:43:13','2013-04-19 01:43:13'),(233,658846479,'情趣套装',2,'09-上海大药房',251,0,'2013-04-19 01:44:13','2013-04-19 01:44:13'),(234,521300541,'润滑情趣',2,'09-上海大药房',253,0,'2013-04-19 01:44:47','2013-04-19 01:44:47'),(235,521300542,'紧急避孕',2,'09-上海大药房',249,0,'2013-04-19 01:47:34','2013-04-19 01:47:34'),(236,521300543,'排卵验孕',2,'09-上海大药房',252,0,'2013-04-19 01:48:05','2013-04-19 01:48:05'),(237,521300544,'壮阳补肾',2,'09-上海大药房',94,0,'2013-04-19 01:48:35','2013-04-19 01:48:35'),(238,521300545,'清洗护理',2,'09-上海大药房',97,0,'2013-04-19 01:49:30','2013-04-19 01:49:30'),(239,521303635,'血压计',2,'09-上海大药房',220,0,'2013-04-19 01:51:15','2013-04-19 01:51:15'),(240,521303636,'血糖仪',2,'09-上海大药房',160,0,'2013-04-19 01:51:49','2013-04-19 01:51:49'),(241,521303637,'助听器',2,'09-上海大药房',228,0,'2013-04-19 01:52:10','2013-04-19 01:52:10'),(242,521303638,'计步器',2,'09-上海大药房',124,0,'2013-04-19 01:52:32','2013-04-19 01:52:32'),(243,521303639,'颈椎牵引',2,'09-上海大药房',169,0,'2013-04-19 01:53:05','2013-04-19 01:53:05'),(244,521303640,'按摩仪器',2,'09-上海大药房',209,0,'2013-04-19 01:55:46','2013-04-19 01:55:46'),(245,521303641,'轮椅拐杖',2,'09-上海大药房',85,0,'2013-04-19 01:57:03','2013-04-19 01:57:03'),(246,521303642,'家用制氧',2,'09-上海大药房',50,0,'2013-04-19 01:58:16','2013-04-19 01:58:16'),(247,521303643,'中医护理',2,'09-上海大药房',206,0,'2013-04-19 01:59:00','2013-04-19 01:59:00'),(248,521303644,'护具护带',2,'09-上海大药房',100,0,'2013-04-19 02:00:01','2013-04-19 02:00:01'),(249,665218100,'制氧机',2,'09-上海大药房',50,0,'2013-04-19 02:00:23','2013-04-19 02:00:23'),(250,416813048,'血压仪器',2,'10-吉大夫大药房',220,0,'2013-04-19 02:20:51','2013-04-19 02:20:51'),(251,416813049,'保健理疗',2,'10-吉大夫大药房',61,0,'2013-04-19 02:21:15','2013-04-19 02:21:15'),(252,416813050,'医疗用具',2,'10-吉大夫大药房',120,0,'2013-04-19 02:23:46','2013-04-19 02:23:46'),(253,416813051,'温度计类',2,'10-吉大夫大药房',142,0,'2013-04-19 02:24:48','2013-04-19 02:24:48'),(254,463593961,'中医保健',2,'10-吉大夫大药房',61,0,'2013-04-19 02:25:13','2013-04-19 02:25:13'),(255,463594961,'轮椅拐杖',2,'10-吉大夫大药房',85,0,'2013-04-19 02:25:34','2013-04-19 02:25:34'),(256,508498142,'保健理疗',2,'11-昂生大药房',68,0,'2013-04-19 02:59:57','2013-04-19 02:59:57'),(257,508498143,'医用用具',2,'11-昂生大药房',120,0,'2013-04-19 03:00:45','2013-04-19 03:00:45'),(258,508498144,'血压仪器',2,'11-昂生大药房',220,0,'2013-04-19 03:01:30','2013-04-19 03:01:30'),(259,508498145,'血糖用品',2,'11-昂生大药房',160,0,'2013-04-19 03:02:25','2013-04-19 03:02:25'),(260,508498146,'中医保健',2,'11-昂生大药房',61,0,'2013-04-19 03:02:55','2013-04-19 03:02:55'),(261,508498147,'轮椅拐杖',2,'11-昂生大药房',85,0,'2013-04-19 03:03:20','2013-04-19 03:03:20'),(262,508498148,'温度计类',2,'11-昂生大药房',142,0,'2013-04-19 03:41:38','2013-04-19 03:41:38'),(263,508814686,'家用制氧机',2,'11-昂生大药房',50,0,'2013-04-19 03:42:11','2013-04-19 03:42:11'),(264,631728093,'家用呼吸机',2,'11-昂生大药房',51,0,'2013-04-19 03:42:41','2013-04-19 03:42:41'),(265,643279943,'助听器',2,'11-昂生大药房',228,0,'2013-04-19 05:11:13','2013-04-19 05:11:13'),(266,343962655,'避孕',2,'12-开心人大药房',250,0,'2013-04-19 05:30:32','2013-04-19 05:30:32'),(267,343962656,'避孕套',2,'12-开心人大药房',248,0,'2013-04-19 05:30:55','2013-04-19 05:30:55'),(268,343962658,'润滑剂',2,'12-开心人大药房',253,0,'2013-04-19 05:31:48','2013-04-19 05:31:48'),(269,343962657,'排卵验孕',2,'12-开心人大药房',252,0,'2013-04-19 05:32:18','2013-04-19 05:32:18'),(270,343962659,'清洁抗菌',2,'12-开心人大药房',97,0,'2013-04-19 05:32:45','2013-04-19 05:32:45'),(271,623142355,'情趣用品',2,'12-开心人大药房',251,0,'2013-04-19 05:33:16','2013-04-19 05:33:16'),(272,532616922,'贴膏类',2,'12-开心人大药房',206,0,'2013-04-19 05:58:16','2013-04-19 05:58:16'),(273,532616925,'助听器',2,'12-开心人大药房',228,0,'2013-04-19 05:58:58','2013-04-19 05:58:58'),(274,532616921,'理疗仪器',2,'12-开心人大药房',68,0,'2013-04-19 05:59:25','2013-04-19 05:59:25'),(275,532616924,'按摩系列',2,'12-开心人大药房',49,0,'2013-04-19 05:59:46','2013-04-19 05:59:46'),(276,532616926,'塑形美体',2,'12-开心人大药房',104,0,'2013-04-19 06:00:27','2013-04-19 06:00:27'),(277,532616927,'疝气治疗',2,'12-开心人大药房',183,0,'2013-04-19 06:00:50','2013-04-19 06:00:50'),(278,532616923,'护具护带',2,'12-开心人大药房',185,0,'2013-04-19 06:01:28','2013-04-19 06:01:28'),(279,532616928,'保健枕袋',2,'12-开心人大药房',168,0,'2013-04-19 06:01:58','2013-04-19 06:01:58'),(280,532616929,'助行便椅',2,'12-开心人大药房',212,0,'2013-04-19 06:02:55','2013-04-19 06:02:55'),(281,532616930,'床垫尿裤',2,'12-开心人大药房',213,0,'2013-04-19 06:03:44','2013-04-19 06:03:44'),(282,540033806,'家用制氧机',2,'12-开心人大药房',50,0,'2013-04-19 06:04:05','2013-04-19 06:04:05'),(283,532616939,'电子血压计',2,'12-开心人大药房',220,0,'2013-04-19 06:09:07','2013-04-19 06:09:07'),(284,532616940,'水银血压计',2,'12-开心人大药房',220,0,'2013-04-19 06:09:36','2013-04-19 06:09:36'),(285,532616941,'听诊器',2,'12-开心人大药房',122,0,'2013-04-19 06:10:15','2013-04-19 06:10:15'),(286,532616950,'拔罐类',2,'12-开心人大药房',57,0,'2013-04-19 06:20:08','2013-04-19 06:20:08'),(287,532616951,'针灸类',2,'12-开心人大药房',56,0,'2013-04-19 06:20:32','2013-04-19 06:20:32'),(288,532616952,'刮痧类',2,'12-开心人大药房',58,0,'2013-04-19 06:20:58','2013-04-19 06:20:58'),(289,532616953,'煎药机壶',2,'12-开心人大药房',136,0,'2013-04-19 06:21:38','2013-04-19 06:21:38'),(290,532616932,'基础外科',2,'12-开心人大药房',120,0,'2013-04-19 07:02:02','2013-04-19 07:02:02'),(291,532616933,'外科敷料',2,'12-开心人大药房',158,0,'2013-04-19 07:02:33','2013-04-19 07:02:33'),(292,532616934,'消毒器械',2,'12-开心人大药房',129,0,'2013-04-19 07:02:56','2013-04-19 07:02:56'),(293,532616935,'大小便器',2,'12-开心人大药房',212,0,'2013-04-19 07:03:23','2013-04-19 07:03:23'),(294,532616936,'药箱出诊箱',2,'12-开心人大药房',133,0,'2013-04-19 07:04:22','2013-04-19 07:04:22'),(295,532616937,'病床及配件',2,'12-开心人大药房',216,0,'2013-04-19 07:04:48','2013-04-19 07:04:48'),(296,532616943,'血糖仪器',2,'12-开心人大药房',160,0,'2013-04-19 07:05:44','2013-04-19 07:05:44'),(297,532616944,'血糖试纸',2,'12-开心人大药房',161,0,'2013-04-19 07:06:07','2013-04-19 07:06:07'),(298,532616945,'胰岛素笔',2,'12-开心人大药房',165,0,'2013-04-19 07:06:36','2013-04-19 07:06:36'),(299,532616955,'轮椅',2,'12-开心人大药房',85,0,'2013-04-19 07:07:26','2013-04-19 07:07:26'),(300,532616956,'拐杖',2,'12-开心人大药房',84,0,'2013-04-19 07:07:50','2013-04-19 07:07:50'),(301,532616947,'电子体温计',2,'12-开心人大药房',142,0,'2013-04-19 07:08:16','2013-04-19 07:08:16'),(302,532616948,'水银体温计',2,'12-开心人大药房',142,0,'2013-04-19 07:08:38','2013-04-19 07:08:38'),(303,668033832,'牙膏',2,'13-康之家大药房',147,0,'2013-04-19 07:23:25','2013-04-19 07:23:25'),(304,669056882,'洗发护发',2,'13-康之家大药房',254,0,'2013-04-19 07:24:21','2013-04-19 07:25:50'),(305,669786690,'沐浴露',2,'13-康之家大药房',255,0,'2013-04-19 07:26:52','2013-04-19 07:27:38'),(306,642935012,'血糖仪器',2,'13-康之家大药房',160,0,'2013-04-19 07:30:16','2013-04-19 07:30:16'),(307,642935012,'血糖试纸',2,'13-康之家大药房',161,0,'2013-04-19 07:30:44','2013-04-19 07:30:44'),(308,642935013,'电子血压计',2,'13-康之家大药房',220,0,'2013-04-19 07:31:42','2013-04-19 07:31:42'),(309,642935013,'水银血压计',2,'13-康之家大药房',220,0,'2013-04-19 07:32:18','2013-04-19 07:32:18'),(310,642935013,'听诊器配件',2,'13-康之家大药房',122,0,'2013-04-19 07:32:55','2013-04-19 07:32:55'),(311,642935014,'电子体温计',2,'13-康之家大药房',142,0,'2013-04-19 07:33:35','2013-04-19 07:33:35'),(312,642935015,'染发用品',2,'13-康之家大药房',254,0,'2013-04-19 07:34:17','2013-04-19 07:34:17'),(313,642935016,'理疗仪器',2,'13-康之家大药房',68,0,'2013-04-19 07:35:35','2013-04-19 07:35:35'),(314,642935016,'贴膏类',2,'13-康之家大药房',206,0,'2013-04-19 07:36:21','2013-04-19 07:36:21'),(315,642935016,'塑形美体',2,'13-康之家大药房',112,0,'2013-04-19 07:37:11','2013-04-19 07:37:11'),(316,642935016,'按摩系列',2,'13-康之家大药房',49,0,'2013-04-19 07:37:54','2013-04-19 07:37:54'),(317,642935016,'疝气治疗',2,'13-康之家大药房',183,0,'2013-04-19 07:38:35','2013-04-19 07:38:35'),(318,642935016,'床垫尿裤',2,'13-康之家大药房',213,0,'2013-04-19 07:39:02','2013-04-19 07:39:02'),(319,642935017,'基础外科',2,'13-康之家大药房',120,0,'2013-04-19 07:40:23','2013-04-19 07:40:23'),(320,642935017,'外科敷料',2,'13-康之家大药房',158,0,'2013-04-19 07:40:46','2013-04-19 07:40:46'),(321,642935017,'消毒器械',2,'13-康之家大药房',129,0,'2013-04-19 07:41:08','2013-04-19 07:41:08'),(322,642935017,'药箱出诊箱',2,'13-康之家大药房',133,0,'2013-04-19 07:41:35','2013-04-19 07:41:35'),(323,642935017,'病床及配件',2,'13-康之家大药房',216,0,'2013-04-19 07:42:01','2013-04-19 07:42:01'),(324,642935019,'避孕套',2,'13-康之家大药房',248,0,'2013-04-19 07:45:52','2013-04-19 07:45:52'),(325,642935020,'润滑液',2,'13-康之家大药房',253,0,'2013-04-19 07:46:20','2013-04-19 07:46:20'),(326,642935021,'紧急避孕',2,'13-康之家大药房',249,0,'2013-04-19 07:47:28','2013-04-19 07:47:28'),(327,642935022,'短效避孕药',2,'13-康之家大药房',250,0,'2013-04-19 07:48:10','2013-04-19 07:48:10'),(328,642935023,'外用避孕',2,'13-康之家大药房',250,0,'2013-04-19 07:48:36','2013-04-19 07:48:36'),(329,642935024,'排卵检测',2,'13-康之家大药房',252,0,'2013-04-19 07:48:57','2013-04-19 07:48:57'),(330,642935025,'早孕检测',2,'13-康之家大药房',252,0,'2013-04-19 07:49:21','2013-04-19 07:49:21'),(331,677764244,'情趣用品',2,'13-康之家大药房',251,0,'2013-04-19 07:49:40','2013-04-19 07:49:40'),(332,705466788,'性保健用品',2,'13-康之家大药房',251,0,'2013-04-19 07:49:58','2013-04-19 07:49:58'),(333,528307781,'药妆面膜',2,'14-天士力大药房',102,0,'2013-04-19 08:01:23','2013-04-19 08:01:23'),(334,634019100,'洁面面霜',2,'14-天士力大药房',102,0,'2013-04-19 08:03:29','2013-04-19 08:03:29'),(335,528307782,'口腔护理',2,'14-天士力大药房',147,0,'2013-04-19 08:05:06','2013-04-19 08:05:06'),(336,506730689,'避孕产品',2,'14-天士力大药房',250,0,'2013-04-19 08:08:39','2013-04-19 08:08:39'),(337,506730690,'早孕测试',2,'14-天士力大药房',252,0,'2013-04-19 08:09:00','2013-04-19 08:09:00'),(338,506730691,'润滑杀菌',2,'14-天士力大药房',253,0,'2013-04-19 08:09:23','2013-04-19 08:09:23'),(339,506730685,'电子血压计',2,'14-天士力大药房',220,0,'2013-04-19 08:13:29','2013-04-19 08:13:29'),(340,506730685,'听诊器配件',2,'14-天士力大药房',122,0,'2013-04-19 08:13:59','2013-04-19 08:13:59'),(341,506730685,'水银血压计',2,'14-天士力大药房',220,0,'2013-04-19 08:14:25','2013-04-19 08:14:25'),(342,506730685,'血压计配件',2,'14-天士力大药房',220,0,'2013-04-19 08:14:52','2013-04-19 08:14:52'),(343,506730686,'血糖试纸',2,'14-天士力大药房',161,0,'2013-04-19 08:15:37','2013-04-19 08:15:37'),(344,506730686,'血糖仪器',2,'14-天士力大药房',160,0,'2013-04-19 08:15:58','2013-04-19 08:15:58'),(345,506730686,'血糖用品配件',2,'14-天士力大药房',160,0,'2013-04-19 08:16:20','2013-04-19 08:16:20'),(346,506730687,'理疗仪器',2,'14-天士力大药房',68,0,'2013-04-19 08:16:59','2013-04-19 08:16:59'),(347,506730687,'床垫尿裤',2,'14-天士力大药房',213,0,'2013-04-19 08:17:26','2013-04-19 08:17:26'),(348,506730687,'家用制氧机',2,'14-天士力大药房',50,0,'2013-04-19 08:17:52','2013-04-19 08:17:52'),(349,506730687,'助行便椅',2,'14-天士力大药房',212,0,'2013-04-19 08:18:51','2013-04-19 08:18:51'),(350,506730687,'贴膏类',2,'14-天士力大药房',206,0,'2013-04-19 08:20:32','2013-04-19 08:20:32'),(351,506730687,'按摩系列',2,'14-天士力大药房',49,0,'2013-04-19 08:20:59','2013-04-19 08:20:59'),(352,632734590,'家用制氧机',2,'14-天士力大药房',50,0,'2013-04-19 08:21:41','2013-04-19 08:21:41'),(353,632734590,'理疗仪器',2,'14-天士力大药房',50,0,'2013-04-19 08:22:30','2013-04-19 08:22:30'),(354,632734591,'轮椅',2,'14-天士力大药房',85,0,'2013-04-19 08:22:57','2013-04-19 08:22:57'),(355,632734591,'拐杖',2,'14-天士力大药房',84,0,'2013-04-19 08:23:19','2013-04-19 08:23:19'),(356,632734592,'拔罐类',2,'14-天士力大药房',57,0,'2013-04-19 08:24:25','2013-04-19 08:24:25'),(357,632734593,'大小便器',2,'14-天士力大药房',212,0,'2013-04-19 09:27:02','2013-04-19 09:27:02'),(358,632734593,'药箱出诊箱',2,'14-天士力大药房',133,0,'2013-04-19 09:29:27','2013-04-19 09:29:27'),(359,632734593,'消毒器械',2,'14-天士力大药房',129,0,'2013-04-19 09:30:09','2013-04-19 09:30:09'),(360,632734593,'基础外科',2,'14-天士力大药房',120,0,'2013-04-19 09:30:51','2013-04-19 09:30:51'),(361,633111313,'电子体温计',2,'14-天士力大药房',142,0,'2013-04-19 09:31:42','2013-04-19 09:31:42'),(362,646748878,'助听器',2,'14-天士力大药房',228,0,'2013-04-19 09:32:52','2013-04-19 09:32:52'),(363,488729421,'避孕套',2,'15-康众之家大药房',248,0,'2013-04-19 12:24:54','2013-04-19 12:24:54'),(364,488752456,'早孕试纸',2,'15-康众之家大药房',252,0,'2013-04-19 12:25:20','2013-04-19 12:25:20'),(365,488752457,'排卵试纸',2,'15-康众之家大药房',252,0,'2013-04-19 12:25:47','2013-04-19 12:25:47'),(366,488752458,'润滑剂',2,'15-康众之家大药房',253,0,'2013-04-19 12:26:14','2013-04-19 12:26:14'),(367,642209774,'性保健用品',2,'15-康众之家大药房',251,0,'2013-04-19 12:26:36','2013-04-19 12:26:36'),(368,488752453,'血压仪器',2,'15-康众之家大药房',220,0,'2013-04-19 12:28:22','2013-04-19 12:28:22'),(370,488752452,'血糖仪器',2,'15-康众之家大药房',167,0,'2013-04-19 12:31:03','2013-04-19 12:31:03'),(371,488752451,'温度计类',2,'15-康众之家大药房',142,0,'2013-04-19 12:32:13','2013-04-19 12:32:13'),(372,488752449,'保健理疗',2,'15-康众之家大药房',68,0,'2013-04-19 12:33:13','2013-04-19 12:33:13'),(373,488752447,'医用用具',2,'15-康众之家大药房',120,0,'2013-04-19 12:33:41','2013-04-19 12:33:41'),(374,488752448,'中医保健',2,'15-康众之家大药房',61,0,'2013-04-19 12:34:09','2013-04-19 12:34:09'),(375,488752450,'轮椅拐杖',2,'15-康众之家大药房',85,0,'2013-04-19 12:34:40','2013-04-19 12:34:40'),(376,392938216,'安全套',2,'16-惠好大药房',248,0,'2013-04-19 12:40:01','2013-04-19 12:40:01'),(377,392938218,'私密护理',2,'16-惠好大药房',97,0,'2013-04-19 12:40:52','2013-04-19 12:40:52'),(378,520869711,'验孕避孕',2,'16-惠好大药房',252,0,'2013-04-19 12:41:18','2013-04-19 12:41:18'),(379,702691420,'润滑剂',2,'16-惠好大药房',253,0,'2013-04-19 12:41:39','2013-04-19 12:41:39'),(380,50023745,'电子血压计',2,'16-惠好大药房',220,0,'2013-04-19 12:43:05','2013-04-19 12:43:05'),(381,50023744,'血糖仪试纸',2,'16-惠好大药房',160,0,'2013-04-19 12:43:31','2013-04-19 12:43:31'),(382,50023746,'电子体温计',2,'16-惠好大药房',142,0,'2013-04-19 12:43:54','2013-04-19 12:43:54'),(383,50023747,'其他器械',2,'16-惠好大药房',57,0,'2013-04-19 12:45:00','2013-04-19 12:45:00'),(385,450178290,'血糖仪试纸',2,'17-壹号大药房',160,0,'2013-04-19 12:59:04','2013-04-19 13:00:37'),(386,655011933,'制氧机',2,'17-壹号大药房',50,0,'2013-04-19 13:01:21','2013-04-19 13:01:21'),(387,450178292,'血压计',2,'17-壹号大药房',220,0,'2013-04-19 13:02:30','2013-04-19 13:02:30'),(388,464825380,'体温计',2,'17-壹号大药房',142,0,'2013-04-19 13:02:50','2013-04-19 13:02:50'),(389,451678181,'轮椅拐杖',2,'17-壹号大药房',85,0,'2013-04-19 13:04:01','2013-04-19 13:04:01'),(390,452595480,'保健理疗',2,'17-壹号大药房',206,0,'2013-04-19 13:04:40','2013-04-19 13:04:40'),(391,452595983,'检测器材',2,'17-壹号大药房',127,0,'2013-04-19 13:05:40','2013-04-19 13:05:40'),(392,669912151,'家庭药箱',2,'17-壹号大药房',133,0,'2013-04-19 13:06:11','2013-04-19 13:06:11'),(393,699689776,'助听器',2,'17-壹号大药房',228,0,'2013-04-19 13:06:31','2013-04-19 13:06:31'),(394,670018583,'周林频谱',2,'17-壹号大药房',65,0,'2013-04-19 13:06:56','2013-04-19 13:06:56'),(395,418154050,'安全套',2,'17-壹号大药房',248,0,'2013-04-19 13:08:29','2013-04-19 13:08:29'),(396,418154051,'润滑液',2,'17-壹号大药房',253,0,'2013-04-19 13:08:53','2013-04-19 13:08:53'),(397,655281977,'验孕备孕',2,'17-壹号大药房',250,0,'2013-04-19 13:09:35','2013-04-19 13:09:35'),(398,655281978,'验排卵',2,'17-壹号大药房',252,0,'2013-04-19 13:10:04','2013-04-19 13:10:04'),(399,655281979,'避孕药',2,'17-壹号大药房',249,0,'2013-04-19 13:10:28','2013-04-19 13:10:28'),(400,438134570,'日常检测',2,'18-和平大药房',127,0,'2013-04-19 14:08:20','2013-04-19 14:08:20'),(401,438134571,'糖友用品',2,'18-和平大药房',167,0,'2013-04-19 14:09:08','2013-04-19 14:09:08'),(402,438134572,'日常护理',2,'18-和平大药房',219,0,'2013-04-19 14:10:13','2013-04-19 14:10:13'),(403,438134573,'保健理疗',2,'18-和平大药房',68,0,'2013-04-19 14:11:25','2013-04-19 14:11:25'),(404,438134574,'制氧雾化',2,'18-和平大药房',50,0,'2013-04-19 14:13:54','2013-04-19 14:13:54'),(405,438134575,'医用辅料',2,'18-和平大药房',120,0,'2013-04-19 14:14:25','2013-04-19 14:14:25'),(406,438134576,'轮椅拐杖',2,'18-和平大药房',85,0,'2013-04-19 14:15:42','2013-04-19 14:15:42'),(407,506762342,'膏药贴剂',2,'18-和平大药房',206,0,'2013-04-19 14:16:13','2013-04-19 14:16:13'),(408,438134566,'计生用品',2,'18-和平大药房',248,0,'2013-04-19 14:20:29','2013-04-19 14:20:29'),(409,438134567,'检测试纸',2,'18-和平大药房',252,0,'2013-04-19 14:22:03','2013-04-19 14:22:03'),(410,438134568,'情趣情调',2,'18-和平大药房',251,0,'2013-04-19 14:22:30','2013-04-19 14:22:30'),(411,526887429,'避孕套',2,'19-九洲大药房',248,0,'2013-04-19 14:29:59','2013-04-19 14:29:59'),(412,526887430,'早孕检测',2,'19-九洲大药房',252,0,'2013-04-19 14:31:59','2013-04-19 14:31:59'),(413,526887431,'排卵检测',2,'19-九洲大药房',252,0,'2013-04-19 14:32:21','2013-04-19 14:32:21'),(414,526887432,'润滑液',2,'19-九洲大药房',253,0,'2013-04-19 14:32:52','2013-04-19 14:32:52'),(415,526887433,'个人护理液',2,'19-九洲大药房',97,0,'2013-04-19 14:33:22','2013-04-19 14:33:22'),(416,526887422,'血压仪器',2,'19-九洲大药房',220,0,'2013-04-19 14:35:12','2013-04-19 14:35:12'),(417,526887423,'血糖用品',2,'19-九洲大药房',160,0,'2013-04-19 14:35:53','2013-04-19 14:38:53'),(418,526887424,'温度计类',2,'19-九洲大药房',142,0,'2013-04-19 14:36:52','2013-04-19 14:36:52'),(419,526887425,'轮椅拐杖',2,'19-九洲大药房',85,0,'2013-04-19 14:39:47','2013-04-19 14:39:47'),(420,526887426,'医用用具',2,'19-九洲大药房',120,0,'2013-04-19 14:40:14','2013-04-19 14:40:14'),(421,526887427,'保健理疗',2,'19-九洲大药房',68,0,'2013-04-19 14:40:51','2013-04-19 14:40:51'),(422,684768299,'助听器',2,'20-嘉定大药房',228,0,'2013-04-19 14:52:05','2013-04-19 14:52:05'),(423,684804483,'情趣用品',2,'20-嘉定大药房',251,0,'2013-04-19 14:54:51','2013-04-19 14:54:51'),(424,451973045,'清洗抗菌',2,'20-嘉定大药房',97,0,'2013-04-19 14:55:26','2013-04-19 14:55:26'),(425,448165443,'排卵验孕',2,'20-嘉定大药房',252,0,'2013-04-19 14:55:49','2013-04-19 14:55:49'),(426,448165445,'润滑剂',2,'20-嘉定大药房',253,0,'2013-04-19 14:56:08','2013-04-19 14:56:08'),(427,448165442,'避孕药',2,'20-嘉定大药房',249,0,'2013-04-19 14:56:30','2013-04-19 14:56:30'),(428,448165441,'避孕套',2,'20-嘉定大药房',248,0,'2013-04-19 14:56:51','2013-04-19 14:56:51'),(429,397966595,'医用用具',2,'20-嘉定大药房',120,0,'2013-04-19 14:57:17','2013-04-19 14:57:17'),(430,397966593,'保健理疗',2,'20-嘉定大药房',68,0,'2013-04-19 14:57:50','2013-04-19 14:57:50'),(431,397966594,'家庭护理',2,'20-嘉定大药房',219,0,'2013-04-19 14:58:25','2013-04-19 14:58:25'),(432,397966592,'中医保健',2,'20-嘉定大药房',61,0,'2013-04-19 14:58:46','2013-04-19 14:58:46'),(433,397966591,'轮椅拐杖',2,'20-嘉定大药房',85,0,'2013-04-19 14:59:12','2013-04-19 14:59:12'),(434,397966590,'血糖仪',2,'20-嘉定大药房',160,0,'2013-04-19 14:59:40','2013-04-19 14:59:40'),(435,397966589,'体温计',2,'20-嘉定大药房',142,0,'2013-04-19 15:00:04','2013-04-19 15:00:04'),(436,397966588,'血压仪',2,'20-嘉定大药房',220,0,'2013-04-19 15:00:26','2013-04-19 15:00:26'),(437,473033065,'洗液护理',2,'21-乡亲大药房',97,0,'2013-04-19 15:09:59','2013-04-19 15:09:59'),(438,685742728,'润滑油',2,'21-乡亲大药房',253,0,'2013-04-19 15:10:25','2013-04-19 15:10:25'),(439,685742727,'快感增强液',2,'21-乡亲大药房',251,0,'2013-04-19 15:10:53','2013-04-19 15:10:53'),(440,685742725,'自慰器',2,'21-乡亲大药房',251,0,'2013-04-19 15:11:53','2013-04-19 15:11:53'),(441,685742724,'振动棒',2,'21-乡亲大药房',251,0,'2013-04-19 15:12:22','2013-04-19 15:12:22'),(442,685742723,'情趣用品',2,'21-乡亲大药房',251,0,'2013-04-19 15:12:42','2013-04-19 15:12:42'),(443,502820918,'避孕药',2,'21-乡亲大药房',249,0,'2013-04-19 15:13:22','2013-04-19 15:13:22'),(444,685742730,'洗护清洁',2,'21-乡亲大药房',97,0,'2013-04-19 15:13:47','2013-04-19 15:13:47'),(445,685742729,'排卵检测',2,'21-乡亲大药房',252,0,'2013-04-19 15:14:06','2013-04-19 15:14:06'),(446,679455521,'情趣用品',2,'21-乡亲大药房',251,0,'2013-04-19 15:14:32','2013-04-19 15:14:32'),(447,502820920,'早孕测试',2,'21-乡亲大药房',252,0,'2013-04-19 15:15:02','2013-04-19 15:15:02'),(448,502820919,'润滑剂',2,'21-乡亲大药房',253,0,'2013-04-19 15:15:34','2013-04-19 15:15:34'),(449,502820917,'避孕套',2,'21-乡亲大药房',248,0,'2013-04-19 15:15:56','2013-04-19 15:15:56'),(450,685746516,'消毒用品',2,'21-乡亲大药房',129,0,'2013-04-19 15:16:32','2013-04-19 15:16:32'),(451,685746515,'医用器具',2,'21-乡亲大药房',120,0,'2013-04-19 15:17:21','2013-04-19 15:17:21'),(452,685746513,'刮痧板刮痧油',2,'21-乡亲大药房',58,0,'2013-04-19 15:18:30','2013-04-19 15:18:30'),(453,685746512,'计步器',2,'21-乡亲大药房',124,0,'2013-04-19 15:18:55','2013-04-19 15:18:55'),(454,685746510,'护具护带',2,'21-乡亲大药房',185,0,'2013-04-19 15:19:21','2013-04-19 15:19:21'),(455,685746509,'针灸拔罐保健理疗',2,'21-乡亲大药房',56,0,'2013-04-19 15:19:59','2013-04-19 15:19:59'),(456,685746506,'牵引器',2,'21-乡亲大药房',169,0,'2013-04-19 15:29:49','2013-04-19 15:29:49'),(457,685746505,'按摩器',2,'21-乡亲大药房',49,0,'2013-04-19 15:30:38','2013-04-19 15:30:38'),(458,502819408,'医疗用品',2,'21-乡亲大药房',120,0,'2013-04-19 15:31:05','2013-04-19 15:31:05'),(459,502819407,'贴膏贴剂',2,'21-乡亲大药房',206,0,'2013-04-19 15:31:46','2013-04-19 15:31:46'),(460,502819406,'保健理疗',2,'21-乡亲大药房',68,0,'2013-04-19 15:32:09','2013-04-19 15:32:09'),(461,502819405,'温度计类',2,'21-乡亲大药房',142,0,'2013-04-19 15:32:50','2013-04-19 15:32:50'),(462,685746507,'呼吸机',2,'21-乡亲大药房',51,0,'2013-04-19 15:33:25','2013-04-19 15:33:25'),(463,685746514,'疝气治疗',2,'21-乡亲大药房',183,0,'2013-04-19 15:33:58','2013-04-19 15:33:58'),(464,685746504,'轮椅拐杖',2,'21-乡亲大药房',85,0,'2013-04-19 15:35:06','2013-04-19 15:35:06'),(465,685746508,'制氧机',2,'21-乡亲大药房',50,0,'2013-04-19 15:35:23','2013-04-19 15:35:23'),(466,685746503,'助听器',2,'21-乡亲大药房',228,0,'2013-04-19 15:35:43','2013-04-19 15:35:43'),(467,685746502,'血糖试纸',2,'21-乡亲大药房',161,0,'2013-04-19 15:36:03','2013-04-19 15:36:03'),(468,686352054,'血糖仪器',2,'21-乡亲大药房',160,0,'2013-04-19 15:36:26','2013-04-19 15:36:26'),(469,502819403,'血压仪器',2,'21-乡亲大药房',220,0,'2013-04-19 15:37:31','2013-04-19 15:37:31');
/*!40000 ALTER TABLE `category_ass` ENABLE KEYS */;
UNLOCK TABLES;

--
-- Table structure for table `comment`
--

DROP TABLE IF EXISTS `comment`;
/*!40101 SET @saved_cs_client     = @@character_set_client */;
/*!40101 SET character_set_client = utf8 */;
CREATE TABLE `comment` (
  `id` bigint(22) NOT NULL AUTO_INCREMENT,
  `publisher` varchar(128) COLLATE utf8_bin DEFAULT NULL,
  `score` double DEFAULT NULL,
  `content` varchar(2048) COLLATE utf8_bin NOT NULL,
  `type` int(11) NOT NULL,
  `owner` bigint(22) NOT NULL,
  `publish_time` datetime NOT NULL,
  `is_buy` tinyint(4) DEFAULT NULL,
  `is_deleted` tinyint(4) NOT NULL,
  `gmt_create` datetime NOT NULL,
  `gmt_modified` datetime NOT NULL,
  PRIMARY KEY (`id`),
  KEY `comment_owner_type_index` (`owner`,`type`)
) ENGINE=InnoDB AUTO_INCREMENT=64208 DEFAULT CHARSET=utf8 COLLATE=utf8_bin;
/*!40101 SET character_set_client = @saved_cs_client */;

--
-- Dumping data for table `comment`
--

LOCK TABLES `comment` WRITE;
/*!40000 ALTER TABLE `comment` DISABLE KEYS */;
/*!40000 ALTER TABLE `comment` ENABLE KEYS */;
UNLOCK TABLES;

--
-- Table structure for table `item`
--

DROP TABLE IF EXISTS `item`;
/*!40101 SET @saved_cs_client     = @@character_set_client */;
/*!40101 SET character_set_client = utf8 */;
CREATE TABLE `item` (
  `id` bigint(22) NOT NULL AUTO_INCREMENT,
  `name` varchar(128) COLLATE utf8_bin NOT NULL,
  `price` double NOT NULL,
  `detail_url` varchar(1024) COLLATE utf8_bin NOT NULL,
  `logo_url` varchar(1024) COLLATE utf8_bin NOT NULL,
  `category` bigint(22) DEFAULT NULL,
  `location` varchar(256) COLLATE utf8_bin DEFAULT NULL,
  `number` bigint(22) DEFAULT NULL,
  `stuff_status` smallint(6) NOT NULL,
  `freight_fee_payer` smallint(6) NOT NULL,
  `post_fee` double DEFAULT NULL,
  `express_fee` double DEFAULT NULL,
  `ems_fee` double DEFAULT NULL,
  `has_discount` tinyint(4) DEFAULT NULL,
  `has_invoice` tinyint(4) DEFAULT NULL,
  `has_warranty` tinyint(4) DEFAULT NULL,
  `is_second_kill` tinyint(4) DEFAULT NULL,
  `is_sell_promise` tinyint(4) DEFAULT NULL,
  `is_xinpin` tinyint(4) DEFAULT NULL,
  `item_id` varchar(64) COLLATE utf8_bin NOT NULL,
  `platform` int(11) NOT NULL,
  `shop` bigint(22) NOT NULL,
  `status` int(11) NOT NULL,
  `is_deleted` tinyint(4) NOT NULL,
  `gmt_create` datetime NOT NULL,
  `gmt_modified` datetime NOT NULL,
  `sale_count` bigint(22) DEFAULT NULL,
  `gifts` varchar(1024) COLLATE utf8_bin DEFAULT NULL,
  `product` bigint(22) DEFAULT NULL,
  `five_start_count` bigint(22) DEFAULT NULL,
  `four_start_count` bigint(22) DEFAULT NULL,
  `second_start_count` bigint(22) DEFAULT NULL,
  `one_start_count` bigint(22) DEFAULT NULL,
  `three_start_count` bigint(22) DEFAULT NULL,
  `brand` bigint(22) DEFAULT NULL,
  PRIMARY KEY (`id`),
  KEY `item_category` (`category`),
  KEY `item_shop` (`shop`),
  CONSTRAINT `item_category` FOREIGN KEY (`category`) REFERENCES `category` (`id`),
  CONSTRAINT `item_shop` FOREIGN KEY (`shop`) REFERENCES `shop` (`id`)
) ENGINE=InnoDB AUTO_INCREMENT=144822 DEFAULT CHARSET=utf8 COLLATE=utf8_bin;
/*!40101 SET character_set_client = @saved_cs_client */;

--
-- Dumping data for table `item`
--

LOCK TABLES `item` WRITE;
/*!40000 ALTER TABLE `item` DISABLE KEYS */;
/*!40000 ALTER TABLE `item` ENABLE KEYS */;
UNLOCK TABLES;

--
-- Table structure for table `item_trace_log`
--

DROP TABLE IF EXISTS `item_trace_log`;
/*!40101 SET @saved_cs_client     = @@character_set_client */;
/*!40101 SET character_set_client = utf8 */;
CREATE TABLE `item_trace_log` (
  `id` bigint(22) NOT NULL AUTO_INCREMENT,
  `uuid` bigint(22) NOT NULL,
  `user_id` bigint(22) DEFAULT NULL,
  `user_name` varchar(64) COLLATE utf8_bin DEFAULT NULL,
  `remote_ip` varchar(32) COLLATE utf8_bin DEFAULT NULL,
  `item_id` bigint(22) DEFAULT NULL,
  `item_name` varchar(128) COLLATE utf8_bin DEFAULT NULL,
  `item_price` double DEFAULT NULL,
  `shop_id` bigint(22) DEFAULT NULL,
  `shop_name` varchar(128) COLLATE utf8_bin DEFAULT NULL,
  `platform` int(11) DEFAULT NULL,
  `gmt_create` datetime NOT NULL,
  `gmt_modified` datetime NOT NULL,
  PRIMARY KEY (`id`)
) ENGINE=MyISAM AUTO_INCREMENT=4 DEFAULT CHARSET=utf8 COLLATE=utf8_bin;
/*!40101 SET character_set_client = @saved_cs_client */;

--
-- Dumping data for table `item_trace_log`
--

LOCK TABLES `item_trace_log` WRITE;
/*!40000 ALTER TABLE `item_trace_log` DISABLE KEYS */;
/*!40000 ALTER TABLE `item_trace_log` ENABLE KEYS */;
UNLOCK TABLES;

--
-- Table structure for table `matrix_sequence`
--

DROP TABLE IF EXISTS `matrix_sequence`;
/*!40101 SET @saved_cs_client     = @@character_set_client */;
/*!40101 SET character_set_client = utf8 */;
CREATE TABLE `matrix_sequence` (
  `sequence_name` varchar(32) COLLATE utf8_bin NOT NULL,
  `sequence_value` bigint(22) NOT NULL,
  `gmt_modified` datetime NOT NULL,
  PRIMARY KEY (`sequence_name`)
) ENGINE=InnoDB DEFAULT CHARSET=utf8 COLLATE=utf8_bin;
/*!40101 SET character_set_client = @saved_cs_client */;

--
-- Dumping data for table `matrix_sequence`
--

LOCK TABLES `matrix_sequence` WRITE;
/*!40000 ALTER TABLE `matrix_sequence` DISABLE KEYS */;
/*!40000 ALTER TABLE `matrix_sequence` ENABLE KEYS */;
UNLOCK TABLES;

--
-- Table structure for table `picture`
--

DROP TABLE IF EXISTS `picture`;
/*!40101 SET @saved_cs_client     = @@character_set_client */;
/*!40101 SET character_set_client = utf8 */;
CREATE TABLE `picture` (
  `id` bigint(22) NOT NULL AUTO_INCREMENT,
  `title` varchar(128) COLLATE utf8_bin NOT NULL,
  `url` varchar(1024) COLLATE utf8_bin NOT NULL,
  `type` int(11) NOT NULL,
  `owner` bigint(22) NOT NULL,
  `is_deleted` tinyint(4) NOT NULL,
  `gmt_create` datetime NOT NULL,
  `gmt_modified` datetime NOT NULL,
  PRIMARY KEY (`id`),
  UNIQUE KEY `type` (`type`,`owner`)
) ENGINE=InnoDB DEFAULT CHARSET=utf8 COLLATE=utf8_bin;
/*!40101 SET character_set_client = @saved_cs_client */;

--
-- Dumping data for table `picture`
--

LOCK TABLES `picture` WRITE;
/*!40000 ALTER TABLE `picture` DISABLE KEYS */;
/*!40000 ALTER TABLE `picture` ENABLE KEYS */;
UNLOCK TABLES;

--
-- Table structure for table `product`
--

DROP TABLE IF EXISTS `product`;
/*!40101 SET @saved_cs_client     = @@character_set_client */;
/*!40101 SET character_set_client = utf8 */;
CREATE TABLE `product` (
  `id` bigint(22) NOT NULL AUTO_INCREMENT,
  `name` varchar(128) COLLATE utf8_bin NOT NULL,
  `logo_url` varchar(1024) COLLATE utf8_bin DEFAULT NULL,
  `brand` bigint(22) DEFAULT NULL,
  `category` bigint(22) DEFAULT NULL,
  `status` int(11) NOT NULL,
  `is_deleted` tinyint(4) NOT NULL,
  `gmt_create` datetime NOT NULL,
  `gmt_modified` datetime NOT NULL,
  PRIMARY KEY (`id`),
  KEY `product_category` (`category`),
  KEY `product_brand` (`brand`),
  CONSTRAINT `product_brand` FOREIGN KEY (`brand`) REFERENCES `brand` (`id`),
  CONSTRAINT `product_category` FOREIGN KEY (`category`) REFERENCES `category` (`id`)
) ENGINE=InnoDB AUTO_INCREMENT=6 DEFAULT CHARSET=utf8 COLLATE=utf8_bin;
/*!40101 SET character_set_client = @saved_cs_client */;

--
-- Dumping data for table `product`
--

LOCK TABLES `product` WRITE;
/*!40000 ALTER TABLE `product` DISABLE KEYS */;
/*!40000 ALTER TABLE `product` ENABLE KEYS */;
UNLOCK TABLES;

--
-- Table structure for table `promotion_activity`
--

DROP TABLE IF EXISTS `promotion_activity`;
/*!40101 SET @saved_cs_client     = @@character_set_client */;
/*!40101 SET character_set_client = utf8 */;
CREATE TABLE `promotion_activity` (
  `id` bigint(22) NOT NULL AUTO_INCREMENT,
  `name` varchar(64) COLLATE utf8_bin NOT NULL,
  `logo_url` varchar(1204) COLLATE utf8_bin NOT NULL,
  `url` varchar(1024) COLLATE utf8_bin NOT NULL,
  `rank` bigint(20) DEFAULT NULL,
  `start_time` datetime NOT NULL,
  `end_time` datetime NOT NULL,
  `shop` bigint(22) NOT NULL,
  `category` bigint(22) NOT NULL,
  `is_deleted` tinyint(4) NOT NULL,
  `gmt_create` datetime NOT NULL,
  `gmt_modified` datetime NOT NULL,
  PRIMARY KEY (`id`),
  KEY `promotion_activity_shop` (`shop`),
  KEY `promotion_activity_category` (`category`),
  CONSTRAINT `promotion_activity_category` FOREIGN KEY (`category`) REFERENCES `category` (`id`),
  CONSTRAINT `promotion_activity_shop` FOREIGN KEY (`shop`) REFERENCES `shop` (`id`)
) ENGINE=InnoDB DEFAULT CHARSET=utf8 COLLATE=utf8_bin;
/*!40101 SET character_set_client = @saved_cs_client */;

--
-- Dumping data for table `promotion_activity`
--

LOCK TABLES `promotion_activity` WRITE;
/*!40000 ALTER TABLE `promotion_activity` DISABLE KEYS */;
/*!40000 ALTER TABLE `promotion_activity` ENABLE KEYS */;
UNLOCK TABLES;

--
-- Table structure for table `property`
--

DROP TABLE IF EXISTS `property`;
/*!40101 SET @saved_cs_client     = @@character_set_client */;
/*!40101 SET character_set_client = utf8 */;
CREATE TABLE `property` (
  `id` bigint(22) NOT NULL AUTO_INCREMENT,
  `key` varchar(128) COLLATE utf8_bin NOT NULL,
  `value` varchar(1024) COLLATE utf8_bin NOT NULL,
  `value_type` int(11) NOT NULL,
  `group` bigint(20) NOT NULL,
  `type` int(11) NOT NULL,
  `owner` bigint(22) NOT NULL,
  `is_deleted` tinyint(4) NOT NULL,
  `gmt_create` datetime NOT NULL,
  `gmt_modified` datetime NOT NULL,
  PRIMARY KEY (`id`),
  UNIQUE KEY `type` (`type`,`owner`,`group`,`key`),
  KEY `property_group` (`group`),
  CONSTRAINT `property_group` FOREIGN KEY (`group`) REFERENCES `property_group` (`id`)
) ENGINE=InnoDB DEFAULT CHARSET=utf8 COLLATE=utf8_bin;
/*!40101 SET character_set_client = @saved_cs_client */;

--
-- Dumping data for table `property`
--

LOCK TABLES `property` WRITE;
/*!40000 ALTER TABLE `property` DISABLE KEYS */;
/*!40000 ALTER TABLE `property` ENABLE KEYS */;
UNLOCK TABLES;

--
-- Table structure for table `property_group`
--

DROP TABLE IF EXISTS `property_group`;
/*!40101 SET @saved_cs_client     = @@character_set_client */;
/*!40101 SET character_set_client = utf8 */;
CREATE TABLE `property_group` (
  `id` bigint(22) NOT NULL AUTO_INCREMENT,
  `name` varchar(128) COLLATE utf8_bin NOT NULL,
  `type` int(11) NOT NULL,
  `owner` bigint(22) NOT NULL,
  `is_deleted` tinyint(4) NOT NULL,
  `gmt_create` datetime NOT NULL,
  `gmt_modified` datetime NOT NULL,
  PRIMARY KEY (`id`),
  UNIQUE KEY `type` (`type`,`owner`,`name`)
) ENGINE=InnoDB DEFAULT CHARSET=utf8 COLLATE=utf8_bin;
/*!40101 SET character_set_client = @saved_cs_client */;

--
-- Dumping data for table `property_group`
--

LOCK TABLES `property_group` WRITE;
/*!40000 ALTER TABLE `property_group` DISABLE KEYS */;
/*!40000 ALTER TABLE `property_group` ENABLE KEYS */;
UNLOCK TABLES;

--
-- Table structure for table `shop`
--

DROP TABLE IF EXISTS `shop`;
/*!40101 SET @saved_cs_client     = @@character_set_client */;
/*!40101 SET character_set_client = utf8 */;
CREATE TABLE `shop` (
  `id` bigint(22) NOT NULL AUTO_INCREMENT,
  `shop_id` varchar(64) COLLATE utf8_bin NOT NULL,
  `name` varchar(128) COLLATE utf8_bin NOT NULL,
  `seller_name` varchar(128) COLLATE utf8_bin DEFAULT NULL,
  `description` varchar(1024) COLLATE utf8_bin DEFAULT NULL,
  `logo_url` varchar(1024) COLLATE utf8_bin DEFAULT NULL,
  `detail_url` varchar(1024) COLLATE utf8_bin NOT NULL,
  `payways` varchar(128) COLLATE utf8_bin DEFAULT NULL,
  `distribute_ways` varchar(128) COLLATE utf8_bin DEFAULT NULL,
  `location` varchar(64) COLLATE utf8_bin DEFAULT NULL,
  `is_recommend` tinyint(4) NOT NULL,
  `rank` bigint(22) NOT NULL,
  `status` int(11) NOT NULL,
  `shop_score` bigint(22) DEFAULT NULL,
  `platform` int(11) NOT NULL,
  `license` varchar(32) COLLATE utf8_bin DEFAULT NULL,
  `is_deleted` tinyint(4) NOT NULL,
  `gmt_create` datetime NOT NULL,
  `gmt_modified` datetime NOT NULL,
  PRIMARY KEY (`id`)
) ENGINE=InnoDB AUTO_INCREMENT=49 DEFAULT CHARSET=utf8 COLLATE=utf8_bin;
/*!40101 SET character_set_client = @saved_cs_client */;

--
-- Dumping data for table `shop`
--

LOCK TABLES `shop` WRITE;
/*!40000 ALTER TABLE `shop` DISABLE KEYS */;
INSERT INTO `shop` VALUES (1,'测试店铺','测试店铺',NULL,NULL,'upload/4c862b8f-5eaf-46f3-8b5b-95947d635ab1.jpg','http://www.google.com','0,3','0','中国沙市',0,9223372036854775807,0,NULL,1,'123456',0,'2013-04-16 15:14:29','2013-04-16 15:14:29'),(2,'','01-华源大药房',NULL,NULL,'upload/4be1f24b-b904-4932-800a-845125a954b8.jpg','http://store.taobao.com/shop/view_shop.htm?spm=a220m.1000858.1000725.3.RhF9If&user_number_id=740783227&rn=b59d5d4faac0603687312b46f272ae65','','','上海',0,9223372036854775807,0,NULL,2,'沪C20100001',0,'2013-04-16 15:32:40','2013-04-16 15:38:26'),(3,'','02-七乐康大药房',NULL,NULL,'upload/0301c6ac-e92d-444b-94d1-81472c0a47d2.jpg','http://store.taobao.com/shop/view_shop.htm?spm=a220m.1000858.1000725.3.RhF9If&user_number_id=757937135&rn=b59d5d4faac0603687312b46f272ae65','','','广东广州',0,9223372036854775807,0,NULL,2,'粤C20100005',0,'2013-04-16 15:37:59','2013-04-16 15:37:59'),(4,'','03-德生堂大药房',NULL,NULL,'upload/1f50bf16-2c2d-464d-b61a-288649659611.jpg','http://store.taobao.com/shop/view_shop.htm?spm=a220m.1000858.1000725.3.RhF9If&user_number_id=1014237390&rn=b59d5d4faac0603687312b46f272ae65','','','北京',0,9223372036854775807,0,NULL,2,'甘C20120001',0,'2013-04-16 15:39:16','2013-04-16 15:39:16'),(5,'','04-华佗大药房',NULL,NULL,'upload/9d1fa6f4-6462-4758-8038-b7442a6931fe.jpg','http://store.taobao.com/shop/view_shop.htm?spm=a220m.1000858.1000725.3.RhF9If&user_number_id=825279296&rn=b59d5d4faac0603687312b46f272ae65','','','北京',0,9223372036854775807,0,NULL,2,'冀C20110001',0,'2013-04-16 15:40:12','2013-04-16 15:40:12'),(6,'','05-海王星辰大药房',NULL,NULL,'upload/2622e41a-17cc-4723-9dfb-1c84e07608a2.jpg','http://store.taobao.com/shop/view_shop.htm?spm=a220m.1000858.1000725.3.RhF9If&user_number_id=729345368&rn=b59d5d4faac0603687312b46f272ae65','','','广东深圳',0,9223372036854775807,0,NULL,2,'粤C20100004',0,'2013-04-16 15:40:47','2013-04-16 15:40:47'),(7,'','06-亚洲大药房',NULL,NULL,'upload/2c8cb879-d5d3-4275-9fac-fd662ee540a4.jpg','http://store.taobao.com/shop/view_shop.htm?spm=a220m.1000858.1000725.3.RhF9If&user_number_id=764934870&rn=b59d5d4faac0603687312b46f272ae65','','','广东深圳',0,9223372036854775807,0,NULL,2,'粤C20110002',0,'2013-04-16 15:41:26','2013-04-16 15:41:26'),(8,'','07-健民大药房',NULL,NULL,'upload/d4b9343d-aa9f-4f94-83cc-be4c6b129538.jpg','http://store.taobao.com/shop/view_shop.htm?spm=a220m.1000858.1000725.3.RhF9If&user_number_id=880320734&rn=b59d5d4faac0603687312b46f272ae65','','','广东广州',0,9223372036854775807,0,NULL,2,'粤C20100002',0,'2013-04-16 15:42:09','2013-04-16 15:42:09'),(9,'','08-健客大药房',NULL,NULL,'upload/d20983f1-7a43-4b19-abe1-d5f21883207f.jpg','http://store.taobao.com/shop/view_shop.htm?spm=a220m.1000858.1000725.3.RhF9If&user_number_id=720248198&rn=b59d5d4faac0603687312b46f272ae65','','','广东东莞',0,9223372036854775807,0,NULL,2,'粤C20090001',0,'2013-04-16 15:42:42','2013-04-16 15:42:42'),(10,'','09-上海大药房',NULL,NULL,'upload/5b4dd7c8-53d7-4124-af4f-07b8f17d7b51.jpg','http://store.taobao.com/shop/view_shop.htm?spm=a220m.1000858.1000725.3.RhF9If&user_number_id=871279517&rn=b59d5d4faac0603687312b46f272ae65','','','上海',0,9223372036854775807,0,NULL,2,'沪C20080002',0,'2013-04-16 15:43:31','2013-04-16 15:43:31'),(11,'','10-吉大夫大药房',NULL,NULL,'upload/dc22e541-eab6-4de4-8b10-9ce21e76cdbb.jpg','http://store.taobao.com/shop/view_shop.htm?spm=a220m.1000858.1000725.3.RhF9If&user_number_id=755203463&rn=b59d5d4faac0603687312b46f272ae65','','','贵州黔东南',0,9223372036854775807,0,NULL,2,'黔C20110001',0,'2013-04-16 15:44:06','2013-04-16 15:44:06'),(12,'','11-昂生大药房',NULL,NULL,'upload/8b4887a4-c8ec-4345-839a-6fd629718139.jpg','http://store.taobao.com/shop/view_shop.htm?spm=a220m.1000858.1000725.3.RhF9If&user_number_id=884342509&rn=b59d5d4faac0603687312b46f272ae65','','','陕西长治',0,9223372036854775807,0,NULL,2,'晋C20100001',0,'2013-04-16 15:44:48','2013-04-16 15:44:48'),(13,'','12-开心人大药房',NULL,NULL,'upload/8e8f4663-ff87-426c-8ae5-2da140f18d4e.jpg','http://store.taobao.com/shop/view_shop.htm?spm=a220m.1000858.1000725.3.RhF9If&user_number_id=702348864&rn=b59d5d4faac0603687312b46f272ae65','','','北京',0,9223372036854775807,0,NULL,2,'赣C20090001',0,'2013-04-16 15:45:14','2013-04-16 15:45:14'),(14,'','13-康之家大药房',NULL,NULL,'upload/9fc8d167-d80a-44a9-bef8-5ee74b9a5cb7.jpg','http://store.taobao.com/shop/view_shop.htm?spm=a220m.1000858.1000725.3.RhF9If&user_number_id=820398833&rn=b59d5d4faac0603687312b46f272ae65','','','广东广州',0,9223372036854775807,0,NULL,2,'粤C20110004',0,'2013-04-16 15:45:48','2013-04-16 15:45:48'),(15,'','14-天士力大药房',NULL,NULL,'upload/656a2e31-021b-4d67-a955-6c338719618b.jpg','http://store.taobao.com/shop/view_shop.htm?spm=a220m.1000858.1000725.3.RhF9If&user_number_id=911757567&rn=b59d5d4faac0603687312b46f272ae65','','','天津',0,9223372036854775807,0,NULL,2,'津C20090001',0,'2013-04-16 15:46:24','2013-04-16 15:46:24'),(16,'','15-康众之家大药房',NULL,NULL,'upload/e43466b4-1d16-4d78-af35-d1b75c315537.jpg','http://store.taobao.com/shop/view_shop.htm?spm=a220m.1000858.1000725.3.RhF9If&user_number_id=862991936&rn=b59d5d4faac0603687312b46f272ae65','','','广东东莞',0,9223372036854775807,0,NULL,2,'粤C20110008',0,'2013-04-16 15:47:02','2013-04-16 15:47:02'),(17,'','16-惠好大药房',NULL,NULL,'upload/e19d98de-a2dc-4b6a-a557-d3c62acd325f.jpg','http://store.taobao.com/shop/view_shop.htm?spm=a220m.1000858.1000725.3.RhF9If&user_number_id=755356407&rn=b59d5d4faac0603687312b46f272ae65','','','福建福州',0,9223372036854775807,0,NULL,2,'闽C20080001',0,'2013-04-16 15:47:46','2013-04-16 15:47:46'),(18,'','17-壹号大药房',NULL,NULL,'upload/6bbab93b-5965-47c9-834a-1b5e0d7a3f6d.jpg','http://store.taobao.com/shop/view_shop.htm?spm=a220m.1000858.1000725.3.RhF9If&user_number_id=764853586&rn=b59d5d4faac0603687312b46f272ae65','','','广东广州',0,9223372036854775807,0,NULL,2,'粤C20100001',0,'2013-04-16 15:48:16','2013-04-16 15:48:16'),(19,'','18-和平大药房',NULL,NULL,'upload/3726e98a-3062-4abe-877c-1e8f3452ca3f.jpg','http://store.taobao.com/shop/view_shop.htm?spm=a220m.1000858.1000725.3.RhF9If&user_number_id=821105885&rn=b59d5d4faac0603687312b46f272ae65','','','重庆',0,9223372036854775807,0,NULL,2,'渝C20100001',0,'2013-04-16 15:48:48','2013-04-16 15:48:48'),(20,'','19-九洲大药房',NULL,NULL,'upload/fd5afe3b-dc72-46f1-996f-3e0af6d08111.jpg','http://store.taobao.com/shop/view_shop.htm?spm=a220m.1000858.1000725.3.RhF9If&user_number_id=699484863&rn=b59d5d4faac0603687312b46f272ae65','','','浙江杭州',0,9223372036854775807,0,NULL,2,'浙C20100001',0,'2013-04-16 15:49:20','2013-04-16 15:49:20'),(21,'','20-嘉定大药房',NULL,NULL,'upload/63e7cb85-70c0-4f19-8167-e3610db98621.jpg','http://store.taobao.com/shop/view_shop.htm?spm=a220m.1000858.1000725.3.RhF9If&user_number_id=749992427&rn=b59d5d4faac0603687312b46f272ae65','','','上海',0,9223372036854775807,0,NULL,2,'沪C20090001',0,'2013-04-16 15:49:50','2013-04-16 15:49:50'),(22,'','21-乡亲大药房',NULL,NULL,'upload/6a588b4c-2132-498f-84b5-7a87bf80c884.jpg','http://store.taobao.com/shop/view_shop.htm?spm=a220m.1000858.1000725.3.6OmGz0&user_number_id=858915326&rn=d8b9d6c02248d5547245da299ccc2b25','','','湖南长沙',0,9223372036854775807,0,NULL,2,'粤C20110007',0,'2013-04-16 15:50:25','2013-04-16 15:50:25'),(23,'','22-京卫大药房',NULL,NULL,'upload/cc25d073-9c4b-41b4-9cdd-72e00058196e.jpg','http://store.taobao.com/shop/view_shop.htm?spm=a220m.1000858.1000725.3.6OmGz0&user_number_id=771841381&rn=d8b9d6c02248d5547245da299ccc2b25','','','北京',0,9223372036854775807,0,NULL,2,'京C20110001',0,'2013-04-16 15:50:51','2013-04-16 15:50:51'),(24,'','23-先声再康大药房',NULL,NULL,'upload/93d68138-f3fa-4f0c-89f2-748515c4f6a2.jpg','http://store.taobao.com/shop/view_shop.htm?spm=a220m.1000858.1000725.3.6OmGz0&user_number_id=871886077&rn=d8b9d6c02248d5547245da299ccc2b25','','','江苏南京',0,9223372036854775807,0,NULL,2,'苏C20110001',0,'2013-04-16 15:51:22','2013-04-16 15:51:22'),(25,'','24-同一大药房',NULL,NULL,'upload/306ab7a9-a563-4dee-858f-49846d084853.jpg','http://store.taobao.com/shop/view_shop.htm?spm=a220m.1000858.1000725.3.6OmGz0&user_number_id=858626894&rn=d8b9d6c02248d5547245da299ccc2b25','','','陕西西安',0,9223372036854775807,0,NULL,2,'陕C20110001',0,'2013-04-16 15:51:48','2013-04-16 15:51:48'),(26,'','25-百济新特大药房',NULL,NULL,'upload/68376d8e-44f4-4d2b-b516-b7bc4ad28f3f.jpg','http://store.taobao.com/shop/view_shop.htm?spm=a220m.1000858.1000725.3.6OmGz0&user_number_id=839133034&rn=d8b9d6c02248d5547245da299ccc2b25','','','广东广州',0,9223372036854775807,0,NULL,2,'粤C20110003',0,'2013-04-16 15:52:30','2013-04-16 15:52:30'),(27,'','26-上元堂大药房',NULL,NULL,'upload/1ef3114a-6a49-4b64-8b69-41af947c2325.jpg','http://store.taobao.com/shop/view_shop.htm?spm=a220m.1000858.1000725.3.6OmGz0&user_number_id=854073895&rn=d8b9d6c02248d5547245da299ccc2b25','','','江苏南京',0,9223372036854775807,0,NULL,2,'苏C20120001',0,'2013-04-16 15:53:02','2013-04-16 15:53:02'),(28,'','27-康爱多大药房',NULL,NULL,'upload/444c05ff-8d48-4ab9-99f5-ee8441785545.jpg','http://store.taobao.com/shop/view_shop.htm?spm=a220m.1000858.1000725.3.6OmGz0&user_number_id=761832027&rn=d8b9d6c02248d5547245da299ccc2b25','','','广东广州',0,9223372036854775807,0,NULL,2,'粤C20110001',0,'2013-04-16 15:53:30','2013-04-16 15:53:30'),(29,'','28-立方大药房',NULL,NULL,'upload/e9e141e2-1331-4b40-9dc2-5ef3892ffe73.jpg','http://store.taobao.com/shop/view_shop.htm?spm=a220m.1000858.1000725.3.6OmGz0&user_number_id=892309389&rn=d8b9d6c02248d5547245da299ccc2b25','','','安徽合肥',0,9223372036854775807,0,NULL,2,'皖C20110001',0,'2013-04-16 15:54:14','2013-04-16 15:54:14'),(30,'','29-万泽大药房',NULL,NULL,'upload/a2000384-e024-477f-8144-3270f00a0901.jpg','http://store.taobao.com/shop/view_shop.htm?spm=a220m.1000858.1000725.3.6OmGz0&user_number_id=1089834497&rn=d8b9d6c02248d5547245da299ccc2b25','','','广东深圳',0,9223372036854775807,0,NULL,2,'粤C20120001',0,'2013-04-16 15:54:49','2013-04-16 15:54:49'),(31,'','30-新兴大药房',NULL,NULL,'upload/e645c108-538c-44d1-8915-2fd158cd8563.jpg','http://store.taobao.com/shop/view_shop.htm?spm=a220m.1000858.1000725.3.6OmGz0&user_number_id=911201319&rn=d8b9d6c02248d5547245da299ccc2b25','','','河北石家庄',0,9223372036854775807,0,NULL,2,'冀C20090001',0,'2013-04-16 15:55:22','2013-04-16 15:55:22'),(32,'','31-百洋健康大药房',NULL,NULL,'upload/57d23c6b-cdda-44c4-ae93-bfed29c4b29e.jpg','http://store.taobao.com/shop/view_shop.htm?spm=a220m.1000858.1000725.3.6OmGz0&user_number_id=765330508&rn=d8b9d6c02248d5547245da299ccc2b25','','','北京',0,9223372036854775807,0,NULL,2,'鲁C20120003',0,'2013-04-16 15:55:50','2013-04-16 15:55:50'),(33,'','32-仁博大药房',NULL,NULL,'upload/b7ae1c9c-b685-4a4a-95b0-728e36d4f7e6.jpg','http://store.taobao.com/shop/view_shop.htm?spm=a220m.1000858.1000725.3.6OmGz0&user_number_id=924029882&rn=d8b9d6c02248d5547245da299ccc2b25','','','四川成都',0,9223372036854775807,0,NULL,2,'川C20100001',0,'2013-04-16 15:56:16','2013-04-16 15:56:16'),(34,'','33-复美大药房',NULL,NULL,'upload/5222650a-9ce1-462b-bab5-34e166dbf765.jpg','http://store.taobao.com/shop/view_shop.htm?spm=a220m.1000858.1000725.3.6OmGz0&user_number_id=469190021&rn=d8b9d6c02248d5547245da299ccc2b25','','','上海',0,9223372036854775807,0,NULL,2,'沪C20130001',0,'2013-04-16 15:56:58','2013-04-16 15:56:58'),(35,'','34-健之佳大药房',NULL,NULL,'upload/43eed02b-3426-4103-91cc-982b5e673cf6.jpg','http://store.taobao.com/shop/view_shop.htm?spm=a220m.1000858.1000725.3.6OmGz0&user_number_id=820790476&rn=d8b9d6c02248d5547245da299ccc2b25','','','云南昆明',0,9223372036854775807,0,NULL,2,'滇C20110001',0,'2013-04-16 15:57:31','2013-04-16 15:57:31'),(36,'','35-华氏大药房',NULL,NULL,'upload/bce300bf-e435-4e0f-b52b-39b69660ab0c.jpg','http://store.taobao.com/shop/view_shop.htm?spm=a220m.1000858.1000725.3.6OmGz0&user_number_id=1056611466&rn=d8b9d6c02248d5547245da299ccc2b25','','','上海',0,9223372036854775807,0,NULL,2,'沪C20080002',0,'2013-04-16 15:58:01','2013-04-16 15:58:01'),(37,'','36-存仁堂大药房',NULL,NULL,'upload/cc50cdb7-8ff8-4d32-bb5d-f31eba3ab6a8.jpg','http://store.taobao.com/shop/view_shop.htm?spm=a220m.1000858.1000725.3.6OmGz0&user_number_id=1041132857&rn=d8b9d6c02248d5547245da299ccc2b25','','','上海',0,9223372036854775807,0,NULL,2,'苏C20120003',0,'2013-04-16 15:58:28','2013-04-16 15:58:28'),(38,'','37-彩虹大药房',NULL,NULL,'upload/b2e8ffa3-d400-47de-9af8-d377ed329d98.jpg','http://store.taobao.com/shop/view_shop.htm?spm=a220m.1000858.1000725.3.6OmGz0&user_number_id=864625292&rn=d8b9d6c02248d5547245da299ccc2b25','','','浙江宁波',0,9223372036854775807,0,NULL,2,'浙C20120001',0,'2013-04-16 15:58:58','2013-04-16 15:58:58'),(39,'','38-德威治大药房',NULL,NULL,'upload/7df1b584-9910-4735-b1f3-da64a61ef69b.','http://deweizhi.tmall.com/','','','北京',0,9223372036854775807,0,NULL,2,'京C20100002',0,'2013-04-16 15:59:28','2013-04-20 06:53:19'),(40,'','39-金象大药房',NULL,NULL,'upload/12d0b379-82e2-4525-898f-7677609f9ece.','http://www.tmall.com/jinxiang','','','北京',0,9223372036854775807,0,NULL,2,'京C20110003',0,'2013-04-16 15:59:58','2013-04-20 06:52:18'),(41,'','40-云南白药大药房',NULL,NULL,'upload/072bd200-2aa7-4c34-b0e4-210c35c90c90.','http://www.tmall.com/yunnanbaiyaodayaofang','','','云南昆明',0,9223372036854775807,0,NULL,2,'滇C20130001',0,'2013-04-16 16:00:33','2013-04-20 06:51:41'),(42,'','41-人民同泰大药房',NULL,NULL,'upload/f9380e1b-68dc-4a65-beb1-9ea96c507d1c.','http://rmttdyf.tmall.com/','','','黑龙江哈尔滨',0,9223372036854775807,0,NULL,2,'黑C20110001',0,'2013-04-16 16:01:26','2013-04-20 06:50:25'),(43,'','42-二天堂大药房',NULL,NULL,'upload/200399c1-6ae2-461a-9203-f1fe2a0dd4e2.','http://ettdyf.tmall.com/','','','广东广州',0,9223372036854775807,0,NULL,2,'粤B20120001',0,'2013-04-16 16:01:59','2013-04-20 06:49:54'),(44,'','43-医保中洋大药房',NULL,NULL,'upload/0518ade0-0b17-406f-bcf0-ca5bc67a5a90.','http://ybzydyf.tmall.com/','','','北京',0,9223372036854775807,0,NULL,2,'京C20090002',0,'2013-04-16 16:02:30','2013-04-20 06:49:16'),(45,'','44-四明大药房',NULL,NULL,'upload/50688485-96b5-4e10-8c08-b4f0dee05834.','http://smdyf.tmall.com/','','','浙江宁波',0,9223372036854775807,0,NULL,2,'浙C20110001',0,'2013-04-16 16:03:04','2013-04-20 06:48:42'),(46,'','45-好药师大药房',NULL,NULL,'upload/c439f83d-4ef8-470e-b701-4a7275e58f56.','http://hysdyf.tmall.com/','','','北京',0,9223372036854775807,0,NULL,2,'京C20090001',0,'2013-04-16 16:03:33','2013-04-20 06:48:17'),(47,'','46-漱玉平民大药房',NULL,NULL,'upload/2a76a416-c295-489c-b079-d77f219b2008.','http://sypmdyf.tmall.com/','','','山东济南',0,9223372036854775807,0,NULL,2,'鲁C20120002',0,'2013-04-16 16:03:57','2013-04-20 06:47:33'),(48,'','47-天健国药堂大药房',NULL,NULL,'upload/7555fcbb-ec52-4242-be2f-96643cb3083f.','http://tjgytdyf.tmall.com/','','','安徽合肥',0,9223372036854775807,0,NULL,2,'皖C20100001',0,'2013-04-16 16:05:32','2013-04-20 06:46:52');
/*!40000 ALTER TABLE `shop` ENABLE KEYS */;
UNLOCK TABLES;

--
-- Table structure for table `shop_category`
--

DROP TABLE IF EXISTS `shop_category`;
/*!40101 SET @saved_cs_client     = @@character_set_client */;
/*!40101 SET character_set_client = utf8 */;
CREATE TABLE `shop_category` (
  `id` bigint(22) NOT NULL AUTO_INCREMENT,
  `shop` bigint(22) NOT NULL,
  `category` bigint(22) NOT NULL,
  `rank` bigint(22) NOT NULL,
  `status` int(11) NOT NULL,
  `is_deleted` tinyint(4) NOT NULL,
  `gmt_create` datetime NOT NULL,
  `gmt_modified` datetime NOT NULL,
  PRIMARY KEY (`id`),
  UNIQUE KEY `shop` (`shop`,`category`),
  KEY `shop_category_category` (`category`),
  CONSTRAINT `shop_category_category` FOREIGN KEY (`category`) REFERENCES `category` (`id`),
  CONSTRAINT `shop_category_shop` FOREIGN KEY (`shop`) REFERENCES `shop` (`id`)
) ENGINE=InnoDB AUTO_INCREMENT=95 DEFAULT CHARSET=utf8 COLLATE=utf8_bin;
/*!40101 SET character_set_client = @saved_cs_client */;

--
-- Dumping data for table `shop_category`
--

LOCK TABLES `shop_category` WRITE;
/*!40000 ALTER TABLE `shop_category` DISABLE KEYS */;
INSERT INTO `shop_category` VALUES (88,1,113,9223372036854775807,0,0,'2013-04-16 15:14:29','2013-04-16 15:14:29'),(89,1,114,9223372036854775807,0,0,'2013-04-16 15:14:29','2013-04-16 15:14:29'),(90,1,115,9223372036854775807,0,0,'2013-04-16 15:14:29','2013-04-16 15:14:29'),(91,1,116,9223372036854775807,0,0,'2013-04-16 15:14:29','2013-04-16 15:14:29'),(92,1,128,9223372036854775807,0,0,'2013-04-16 15:14:29','2013-04-16 15:14:29'),(93,1,133,9223372036854775807,0,0,'2013-04-16 15:14:29','2013-04-16 15:14:29'),(94,1,142,9223372036854775807,0,0,'2013-04-16 15:14:29','2013-04-16 15:14:29');
/*!40000 ALTER TABLE `shop_category` ENABLE KEYS */;
UNLOCK TABLES;

--
-- Table structure for table `shop_product`
--

DROP TABLE IF EXISTS `shop_product`;
/*!40101 SET @saved_cs_client     = @@character_set_client */;
/*!40101 SET character_set_client = utf8 */;
CREATE TABLE `shop_product` (
  `id` bigint(22) NOT NULL AUTO_INCREMENT,
  `shop` bigint(22) NOT NULL,
  `product` bigint(22) NOT NULL,
  `rank` bigint(22) NOT NULL,
  `status` int(11) NOT NULL,
  `is_deleted` tinyint(4) NOT NULL,
  `gmt_create` datetime NOT NULL,
  `gmt_modified` datetime NOT NULL,
  PRIMARY KEY (`id`),
  UNIQUE KEY `shop` (`shop`,`product`),
  KEY `product` (`product`),
  CONSTRAINT `product` FOREIGN KEY (`product`) REFERENCES `product` (`id`),
  CONSTRAINT `shop` FOREIGN KEY (`shop`) REFERENCES `shop` (`id`)
) ENGINE=InnoDB DEFAULT CHARSET=utf8 COLLATE=utf8_bin;
/*!40101 SET character_set_client = @saved_cs_client */;

--
-- Dumping data for table `shop_product`
--

LOCK TABLES `shop_product` WRITE;
/*!40000 ALTER TABLE `shop_product` DISABLE KEYS */;
/*!40000 ALTER TABLE `shop_product` ENABLE KEYS */;
UNLOCK TABLES;

--
-- Table structure for table `shop_score`
--

DROP TABLE IF EXISTS `shop_score`;
/*!40101 SET @saved_cs_client     = @@character_set_client */;
/*!40101 SET character_set_client = utf8 */;
CREATE TABLE `shop_score` (
  `id` bigint(22) NOT NULL AUTO_INCREMENT,
  `shop` bigint(22) NOT NULL,
  `item_score` int(11) DEFAULT NULL,
  `service_score` int(11) DEFAULT NULL,
  `delivery_score` int(11) DEFAULT NULL,
  `is_deleted` tinyint(4) NOT NULL,
  `gmt_create` datetime NOT NULL,
  `gmt_modified` datetime NOT NULL,
  PRIMARY KEY (`id`),
  KEY `shop_score_shop` (`shop`),
  CONSTRAINT `shop_score_shop` FOREIGN KEY (`shop`) REFERENCES `shop` (`id`)
) ENGINE=InnoDB DEFAULT CHARSET=utf8 COLLATE=utf8_bin;
/*!40101 SET character_set_client = @saved_cs_client */;

--
-- Dumping data for table `shop_score`
--

LOCK TABLES `shop_score` WRITE;
/*!40000 ALTER TABLE `shop_score` DISABLE KEYS */;
/*!40000 ALTER TABLE `shop_score` ENABLE KEYS */;
UNLOCK TABLES;

--
-- Table structure for table `shop_trace_log`
--

DROP TABLE IF EXISTS `shop_trace_log`;
/*!40101 SET @saved_cs_client     = @@character_set_client */;
/*!40101 SET character_set_client = utf8 */;
CREATE TABLE `shop_trace_log` (
  `id` bigint(22) NOT NULL AUTO_INCREMENT,
  `uuid` bigint(22) NOT NULL,
  `user_id` bigint(22) DEFAULT NULL,
  `user_name` varchar(64) COLLATE utf8_bin DEFAULT NULL,
  `remote_ip` varchar(32) COLLATE utf8_bin DEFAULT NULL,
  `shop_id` bigint(22) DEFAULT NULL,
  `shop_name` varchar(128) COLLATE utf8_bin DEFAULT NULL,
  `platform` int(11) DEFAULT NULL,
  `gmt_create` datetime NOT NULL,
  `gmt_modified` datetime NOT NULL,
  PRIMARY KEY (`id`)
) ENGINE=MyISAM DEFAULT CHARSET=utf8 COLLATE=utf8_bin;
/*!40101 SET character_set_client = @saved_cs_client */;

--
-- Dumping data for table `shop_trace_log`
--

LOCK TABLES `shop_trace_log` WRITE;
/*!40000 ALTER TABLE `shop_trace_log` DISABLE KEYS */;
/*!40000 ALTER TABLE `shop_trace_log` ENABLE KEYS */;
UNLOCK TABLES;

--
-- Table structure for table `trace_log`
--

DROP TABLE IF EXISTS `trace_log`;
/*!40101 SET @saved_cs_client     = @@character_set_client */;
/*!40101 SET character_set_client = utf8 */;
CREATE TABLE `trace_log` (
  `id` bigint(22) NOT NULL AUTO_INCREMENT,
  `uuid` bigint(22) NOT NULL,
  `user_id` bigint(22) DEFAULT NULL,
  `user_name` varchar(64) COLLATE utf8_bin DEFAULT NULL,
  `remote_ip` varchar(32) COLLATE utf8_bin DEFAULT NULL,
  `referer_url` varchar(1024) COLLATE utf8_bin DEFAULT NULL,
  `click_url` varchar(1024) COLLATE utf8_bin DEFAULT NULL,
  `item_id` bigint(22) DEFAULT NULL,
  `shop_id` bigint(22) DEFAULT NULL,
  `web_site_id` bigint(22) DEFAULT NULL,
  `gmt_create` datetime NOT NULL,
  `gmt_modified` datetime NOT NULL,
  PRIMARY KEY (`id`)
) ENGINE=MyISAM AUTO_INCREMENT=488 DEFAULT CHARSET=utf8 COLLATE=utf8_bin;
/*!40101 SET character_set_client = @saved_cs_client */;

--
-- Dumping data for table `trace_log`
--

LOCK TABLES `trace_log` WRITE;
/*!40000 ALTER TABLE `trace_log` DISABLE KEYS */;
/*!40000 ALTER TABLE `trace_log` ENABLE KEYS */;
UNLOCK TABLES;

--
-- Table structure for table `user`
--

DROP TABLE IF EXISTS `user`;
/*!40101 SET @saved_cs_client     = @@character_set_client */;
/*!40101 SET character_set_client = utf8 */;
CREATE TABLE `user` (
  `id` bigint(22) NOT NULL AUTO_INCREMENT,
  `name` varchar(64) COLLATE utf8_bin NOT NULL,
  `email` varchar(64) COLLATE utf8_bin NOT NULL,
  `password` varchar(64) COLLATE utf8_bin NOT NULL,
  `logo_url` varchar(1024) COLLATE utf8_bin DEFAULT NULL,
  `status` int(11) NOT NULL,
  `from` int(11) NOT NULL,
  `is_deleted` tinyint(4) NOT NULL,
  `gmt_create` datetime NOT NULL,
  `gmt_modified` datetime NOT NULL,
  PRIMARY KEY (`id`),
  UNIQUE KEY `name` (`name`)
) ENGINE=InnoDB DEFAULT CHARSET=utf8 COLLATE=utf8_bin;
/*!40101 SET character_set_client = @saved_cs_client */;

--
-- Dumping data for table `user`
--

LOCK TABLES `user` WRITE;
/*!40000 ALTER TABLE `user` DISABLE KEYS */;
/*!40000 ALTER TABLE `user` ENABLE KEYS */;
UNLOCK TABLES;

--
-- Table structure for table `web_site`
--

DROP TABLE IF EXISTS `web_site`;
/*!40101 SET @saved_cs_client     = @@character_set_client */;
/*!40101 SET character_set_client = utf8 */;
CREATE TABLE `web_site` (
  `id` bigint(22) NOT NULL AUTO_INCREMENT,
  `name` varchar(64) COLLATE utf8_bin NOT NULL,
  `site_url` varchar(1204) COLLATE utf8_bin NOT NULL,
  `logo` varchar(1024) COLLATE utf8_bin NOT NULL,
  `type` int(11) NOT NULL,
  `rank` bigint(20) DEFAULT NULL,
  `view_count` bigint(20) NOT NULL,
  `is_deleted` tinyint(4) NOT NULL,
  `gmt_create` datetime NOT NULL,
  `gmt_modified` datetime NOT NULL,
  PRIMARY KEY (`id`)
) ENGINE=InnoDB DEFAULT CHARSET=utf8 COLLATE=utf8_bin;
/*!40101 SET character_set_client = @saved_cs_client */;

--
-- Dumping data for table `web_site`
--

LOCK TABLES `web_site` WRITE;
/*!40000 ALTER TABLE `web_site` DISABLE KEYS */;
/*!40000 ALTER TABLE `web_site` ENABLE KEYS */;
UNLOCK TABLES;

--
-- Table structure for table `web_site_trace_log`
--

DROP TABLE IF EXISTS `web_site_trace_log`;
/*!40101 SET @saved_cs_client     = @@character_set_client */;
/*!40101 SET character_set_client = utf8 */;
CREATE TABLE `web_site_trace_log` (
  `id` bigint(22) NOT NULL AUTO_INCREMENT,
  `uuid` bigint(22) NOT NULL,
  `user_id` bigint(22) DEFAULT NULL,
  `user_name` varchar(64) COLLATE utf8_bin DEFAULT NULL,
  `remote_ip` varchar(32) COLLATE utf8_bin DEFAULT NULL,
  `web_site_id` bigint(22) DEFAULT NULL,
  `web_site_name` varchar(128) COLLATE utf8_bin DEFAULT NULL,
  `gmt_create` datetime NOT NULL,
  `gmt_modified` datetime NOT NULL,
  PRIMARY KEY (`id`)
) ENGINE=MyISAM DEFAULT CHARSET=utf8 COLLATE=utf8_bin;
/*!40101 SET character_set_client = @saved_cs_client */;

--
-- Dumping data for table `web_site_trace_log`
--

LOCK TABLES `web_site_trace_log` WRITE;
/*!40000 ALTER TABLE `web_site_trace_log` DISABLE KEYS */;
/*!40000 ALTER TABLE `web_site_trace_log` ENABLE KEYS */;
UNLOCK TABLES;
/*!40103 SET TIME_ZONE=@OLD_TIME_ZONE */;

/*!40101 SET SQL_MODE=@OLD_SQL_MODE */;
/*!40014 SET FOREIGN_KEY_CHECKS=@OLD_FOREIGN_KEY_CHECKS */;
/*!40014 SET UNIQUE_CHECKS=@OLD_UNIQUE_CHECKS */;
/*!40101 SET CHARACTER_SET_CLIENT=@OLD_CHARACTER_SET_CLIENT */;
/*!40101 SET CHARACTER_SET_RESULTS=@OLD_CHARACTER_SET_RESULTS */;
/*!40101 SET COLLATION_CONNECTION=@OLD_COLLATION_CONNECTION */;
/*!40111 SET SQL_NOTES=@OLD_SQL_NOTES */;

-- Dump completed on 2013-04-20  6:54:07
